setup core,runtime core,frequency,coverage,event,count,time
0,0,300000,100%,raw-ase-spec,"17,140,724",252.760332
0,0,300000,100%,raw-br-immed-retired,"6,740,500,565",252.760332
0,0,300000,100%,raw-br-immed-spec,"6,740,500,565",252.760332
0,0,300000,100%,raw-br-indirect-spec,"869,946,850",252.760332
0,0,300000,100%,raw-br-mis-pred,"219,586,922",252.760332
0,0,300000,100%,raw-br-mis-pred-retired,"243,008,852",252.760332
0,0,300000,100%,raw-br-pred,"7,631,156,874",253.009700
0,0,300000,100%,raw-br-retired,"8,674,316,179",253.009700
0,0,300000,100%,raw-br-return-retired,"1,063,363,622",253.009700
0,0,300000,100%,raw-br-return-spec,"1,063,363,622",253.009700
0,0,300000,100%,raw-bus-access,"2,411,024,069",253.009700
0,0,300000,100%,raw-bus-access-normal,0,253.009700
0,0,300000,100%,raw-bus-access-not-shared,0,252.750842
0,0,300000,100%,raw-bus-access-periph,0,252.750842
0,0,300000,100%,raw-bus-access-rd,"1,171,149,706",252.750842
0,0,300000,100%,raw-bus-access-shared,0,252.750842
0,0,300000,100%,raw-bus-access-wr,"1,213,888,318",252.750842
0,0,300000,100%,raw-bus-cycles,"75,508,580,929",252.750842
0,0,300000,100%,raw-cid-write-retired,1,252.599300
0,0,300000,100%,raw-cnt-cycles,0,252.599300
0,0,300000,100%,raw-cpu-cycles,"75,470,215,993",252.599300
0,0,300000,100%,raw-crypto-spec,0,252.599300
0,0,300000,100%,raw-dmb-spec,0,252.599300
0,0,300000,100%,raw-dp-spec,"40,964,775,257",253.002174
0,0,300000,100%,raw-dsb-spec,0,253.002174
0,0,300000,100%,raw-dtlb-walk,"3,079,174",253.002174
0,0,300000,100%,raw-exc-dabort,0,253.002174
0,0,300000,100%,raw-exc-fiq,44,253.002174
0,0,300000,100%,raw-exc-hvc,0,253.002174
0,0,300000,100%,raw-exc-irq,"76,222",253.090357
0,0,300000,100%,raw-exc-pabort,0,253.090357
0,0,300000,100%,raw-exc-return,"86,918",253.090357
0,0,300000,100%,raw-exc-smc,0,253.090357
0,0,300000,100%,raw-exc-svc,0,253.090357
0,0,300000,100%,raw-exc-taken,"86,961",253.090357
0,0,300000,100%,raw-exc-trap-dabort,0,252.819092
0,0,300000,100%,raw-exc-trap-fiq,0,252.819092
0,0,300000,100%,raw-exc-trap-irq,0,252.819092
0,0,300000,100%,raw-exc-trap-other,0,252.819092
0,0,300000,100%,raw-exc-trap-pabort,0,252.819092
0,0,300000,100%,raw-exc-undef,0,252.819092
0,0,300000,100%,raw-inst-retired,"83,915,620,670",252.709115
0,0,300000,100%,raw-inst-spec,"84,761,716,205",252.709115
0,0,300000,100%,raw-isb-spec,0,252.709115
0,0,300000,100%,raw-itlb-walk,"233,337",252.709115
0,0,300000,100%,raw-l1d-cache,"31,343,099,847",252.709115
0,0,300000,100%,raw-l1d-cache-allocate,0,252.709115
0,0,300000,100%,raw-l1d-cache-inval,0,252.670544
0,0,300000,100%,raw-l1d-cache-lmiss-rd,0,252.670544
0,0,300000,100%,raw-l1d-cache-rd,"30,304,364,005",252.670544
0,0,300000,100%,raw-l1d-cache-refill,"244,917,636",252.670544
0,0,300000,100%,raw-l1d-cache-refill-inner,"224,468,653",252.670544
0,0,300000,100%,raw-l1d-cache-refill-outer,"24,885,088",252.670544
0,0,300000,100%,raw-l1d-cache-refill-rd,"191,198,766",252.549680
0,0,300000,100%,raw-l1d-cache-refill-wr,"53,357,895",252.549680
0,0,300000,100%,raw-l1d-cache-wb,"378,724,678",252.549680
0,0,300000,100%,raw-l1d-cache-wb-clean,0,252.549680
0,0,300000,100%,raw-l1d-cache-wb-victim,0,252.549680
0,0,300000,100%,raw-l1d-cache-wr,"1,153,164,156",252.549680
0,0,300000,100%,raw-l1d-tlb,"31,343,586,352",253.105213
0,0,300000,100%,raw-l1d-tlb-rd,0,253.105213
0,0,300000,100%,raw-l1d-tlb-refill,"653,137,883",253.105213
0,0,300000,100%,raw-l1d-tlb-refill-rd,0,253.105213
0,0,300000,100%,raw-l1d-tlb-refill-wr,0,253.105213
0,0,300000,100%,raw-l1d-tlb-wr,0,253.105213
0,0,300000,100%,raw-l1i-cache,"48,998,862,715",252.735333
0,0,300000,100%,raw-l1i-cache-lmiss,0,252.735333
0,0,300000,100%,raw-l1i-cache-refill,"69,902,865",252.735333
0,0,300000,100%,raw-l1i-tlb,"50,349,056,224",252.735333
0,0,300000,100%,raw-l1i-tlb-refill,"5,460,309",252.735333
0,0,300000,100%,raw-l2d-cache,"857,841,104",252.735333
0,0,300000,100%,raw-l2d-cache-allocate,"374,624,407",252.881862
0,0,300000,100%,raw-l2d-cache-inval,0,252.881862
0,0,300000,100%,raw-l2d-cache-lmiss-rd,0,252.881862
0,0,300000,100%,raw-l2d-cache-rd,"484,706,234",252.881862
0,0,300000,100%,raw-l2d-cache-refill,"294,583,908",252.881862
0,0,300000,100%,raw-l2d-cache-refill-rd,"294,551,188",252.881862
0,0,300000,100%,raw-l2d-cache-refill-wr,"31,126",252.542967
0,0,300000,100%,raw-l2d-cache-wb,"300,003,508",252.542967
0,0,300000,100%,raw-l2d-cache-wb-clean,0,252.542967
0,0,300000,100%,raw-l2d-cache-wb-victim,0,252.542967
0,0,300000,100%,raw-l2d-cache-wr,"374,184,193",252.542967
0,0,300000,100%,raw-l2d-tlb,"642,135,498",252.542967
0,0,300000,100%,raw-l2d-tlb-rd,0,252.169178
0,0,300000,100%,raw-l2d-tlb-refill,"2,920,352",252.169178
0,0,300000,100%,raw-l2d-tlb-refill-rd,0,252.169178
0,0,300000,100%,raw-l2d-tlb-refill-wr,0,252.169178
0,0,300000,100%,raw-l2d-tlb-wr,0,252.169178
0,0,300000,100%,raw-l2i-cache,0,252.169178
0,0,300000,100%,raw-l2i-cache-lmiss,0,252.728878
0,0,300000,100%,raw-l2i-cache-refill,0,252.728878
0,0,300000,100%,raw-l2i-tlb,0,252.728878
0,0,300000,100%,raw-l2i-tlb-refill,0,252.728878
0,0,300000,100%,raw-l3d-cache,"581,346,640",252.728878
0,0,300000,100%,raw-l3d-cache-allocate,"288,207,037",252.728878
0,0,300000,100%,raw-l3d-cache-inval,0,252.530696
0,0,300000,100%,raw-l3d-cache-lmiss-rd,0,252.530696
0,0,300000,100%,raw-l3d-cache-rd,"293,791,941",252.530696
0,0,300000,100%,raw-l3d-cache-refill,"50,301,054",252.530696
0,0,300000,100%,raw-l3d-cache-refill-rd,"50,301,054",252.530696
0,0,300000,100%,raw-l3d-cache-refill-wr,0,252.530696
0,0,300000,100%,raw-l3d-cache-wb,0,252.888400
0,0,300000,100%,raw-l3d-cache-wb-clean,0,252.888400
0,0,300000,100%,raw-l3d-cache-wb-victim,0,252.888400
0,0,300000,100%,raw-l3d-cache-wr,0,252.888400
0,0,300000,100%,raw-ld-retired,"29,818,811,870",252.888400
0,0,300000,100%,raw-ld-spec,"30,043,660,655",252.888400
0,0,300000,100%,raw-ldrex-spec,0,252.869966
0,0,300000,100%,raw-ldst-spec,"34,916,625,970",252.869966
0,0,300000,100%,raw-ll-cache,0,252.869966
0,0,300000,100%,raw-ll-cache-miss,0,252.869966
0,0,300000,100%,raw-ll-cache-miss-rd,"50,770,001",252.869966
0,0,300000,100%,raw-ll-cache-rd,"295,269,237",252.869966
0,0,300000,100%,raw-mem-access,"35,033,275,929",252.886303
0,0,300000,100%,raw-mem-access-rd,"30,197,396,869",252.886303
0,0,300000,100%,raw-mem-access-wr,"4,835,879,060",252.886303
0,0,300000,100%,raw-memory-error,0,252.886303
0,0,300000,100%,raw-op-retired,0,252.886303
0,0,300000,100%,raw-op-spec,0,252.886303
0,0,300000,100%,raw-pc-write-retired,"7,091,426,465",252.738523
0,0,300000,100%,raw-pc-write-spec,"8,793,210,975",252.738523
0,0,300000,100%,raw-rc-ld-spec,0,252.738523
0,0,300000,100%,raw-rc-st-spec,0,252.738523
0,0,300000,100%,raw-remote-access,0,252.738523
0,0,300000,100%,raw-remote-access-rd,0,252.738523
0,0,300000,100%,raw-sample-collision,0,252.478012
0,0,300000,100%,raw-sample-feed,0,252.478012
0,0,300000,100%,raw-sample-filtrate,0,252.478012
0,0,300000,100%,raw-sample-pop,0,252.478012
0,0,300000,100%,raw-st-retired,"4,823,294,588",252.478012
0,0,300000,100%,raw-st-spec,"4,874,473,396",252.478012
0,0,300000,100%,raw-stall,0,252.604515
0,0,300000,100%,raw-stall-backend,"21,223,601,721",252.604515
0,0,300000,100%,raw-stall-backend-mem,0,252.604515
0,0,300000,100%,raw-stall-frontend,"1,862,597,346",252.604515
0,0,300000,100%,raw-stall-slot,0,252.604515
0,0,300000,100%,raw-stall-slot-backend,0,252.604515
0,0,300000,100%,raw-stall-slot-frontend,0,252.788673
0,0,300000,100%,raw-strex-fail-spec,0,252.788673
0,0,300000,100%,raw-strex-pass-spec,0,252.788673
0,0,300000,100%,raw-strex-spec,0,252.788673
0,0,300000,100%,raw-sve-inst-retired,0,252.788673
0,0,300000,100%,raw-sve-inst-spec,0,252.788673
0,0,300000,100%,raw-sw-incr,0,252.667589
0,0,300000,100%,raw-ttbr-write-retired,6,252.667589
0,0,300000,100%,raw-unaligned-ld-spec,0,252.667589
0,0,300000,100%,raw-unaligned-ldst-retired,"72,602,836",252.667589
0,0,300000,100%,raw-unaligned-ldst-spec,0,252.667589
0,0,300000,100%,raw-unaligned-st-spec,0,252.667589
0,0,300000,100%,raw-vfp-spec,"80,615,248",252.107855
0,0,1036800,100%,raw-ase-spec,"17,110,814",72.995978
0,0,1036800,100%,raw-br-immed-retired,"6,648,479,642",72.995978
0,0,1036800,100%,raw-br-immed-spec,"6,648,479,642",72.995978
0,0,1036800,100%,raw-br-indirect-spec,"867,938,685",72.995978
0,0,1036800,100%,raw-br-mis-pred,"198,699,637",72.995978
0,0,1036800,100%,raw-br-mis-pred-retired,"221,652,422",72.995978
0,0,1036800,100%,raw-br-pred,"7,562,303,260",73.185509
0,0,1036800,100%,raw-br-retired,"8,573,225,698",73.185509
0,0,1036800,100%,raw-br-return-retired,"1,056,962,473",73.185509
0,0,1036800,100%,raw-br-return-spec,"1,056,962,473",73.185509
0,0,1036800,100%,raw-bus-access,"1,855,755,673",73.185509
0,0,1036800,100%,raw-bus-access-normal,0,73.185509
0,0,1036800,100%,raw-bus-access-not-shared,0,72.986899
0,0,1036800,100%,raw-bus-access-periph,0,72.986899
0,0,1036800,100%,raw-bus-access-rd,"915,926,955",72.986899
0,0,1036800,100%,raw-bus-access-shared,0,72.986899
0,0,1036800,100%,raw-bus-access-wr,"944,180,210",72.986899
0,0,1036800,100%,raw-bus-cycles,"75,536,912,666",72.986899
0,0,1036800,100%,raw-cid-write-retired,1,73.070746
0,0,1036800,100%,raw-cnt-cycles,0,73.070746
0,0,1036800,100%,raw-cpu-cycles,"75,625,875,207",73.070746
0,0,1036800,100%,raw-crypto-spec,0,73.070746
0,0,1036800,100%,raw-dmb-spec,0,73.070746
0,0,1036800,100%,raw-dp-spec,"40,646,928,058",72.867768
0,0,1036800,100%,raw-dsb-spec,0,72.867768
0,0,1036800,100%,raw-dtlb-walk,"2,742,529",72.867768
0,0,1036800,100%,raw-exc-dabort,0,72.867768
0,0,1036800,100%,raw-exc-fiq,13,72.867768
0,0,1036800,100%,raw-exc-hvc,0,72.867768
0,0,1036800,100%,raw-exc-irq,"22,008",73.071301
0,0,1036800,100%,raw-exc-pabort,0,73.071301
0,0,1036800,100%,raw-exc-return,"32,704",73.071301
0,0,1036800,100%,raw-exc-smc,0,73.071301
0,0,1036800,100%,raw-exc-svc,0,73.071301
0,0,1036800,100%,raw-exc-taken,"32,716",73.071301
0,0,1036800,100%,raw-exc-trap-dabort,0,73.067082
0,0,1036800,100%,raw-exc-trap-fiq,0,73.067082
0,0,1036800,100%,raw-exc-trap-irq,0,73.067082
0,0,1036800,100%,raw-exc-trap-other,0,73.067082
0,0,1036800,100%,raw-exc-trap-pabort,0,73.067082
0,0,1036800,100%,raw-exc-undef,0,73.067082
0,0,1036800,100%,raw-inst-retired,"83,321,742,573",73.050501
0,0,1036800,100%,raw-inst-spec,"84,111,863,430",73.050501
0,0,1036800,100%,raw-isb-spec,0,73.050501
0,0,1036800,100%,raw-itlb-walk,"211,476",73.050501
0,0,1036800,100%,raw-l1d-cache,"31,139,335,767",73.050501
0,0,1036800,100%,raw-l1d-cache-allocate,0,73.050501
0,0,1036800,100%,raw-l1d-cache-inval,0,73.239437
0,0,1036800,100%,raw-l1d-cache-lmiss-rd,0,73.239437
0,0,1036800,100%,raw-l1d-cache-rd,"30,148,234,872",73.239437
0,0,1036800,100%,raw-l1d-cache-refill,"221,067,558",73.239437
0,0,1036800,100%,raw-l1d-cache-refill-inner,"201,803,559",73.239437
0,0,1036800,100%,raw-l1d-cache-refill-outer,"23,149,752",73.239437
0,0,1036800,100%,raw-l1d-cache-refill-rd,"167,326,359",73.070405
0,0,1036800,100%,raw-l1d-cache-refill-wr,"50,817,946",73.070405
0,0,1036800,100%,raw-l1d-cache-wb,"347,042,224",73.070405
0,0,1036800,100%,raw-l1d-cache-wb-clean,0,73.070405
0,0,1036800,100%,raw-l1d-cache-wb-victim,0,73.070405
0,0,1036800,100%,raw-l1d-cache-wr,"945,809,138",73.070405
0,0,1036800,100%,raw-l1d-tlb,"31,141,650,793",73.122166
0,0,1036800,100%,raw-l1d-tlb-rd,0,73.122166
0,0,1036800,100%,raw-l1d-tlb-refill,"613,787,118",73.122166
0,0,1036800,100%,raw-l1d-tlb-refill-rd,0,73.122166
0,0,1036800,100%,raw-l1d-tlb-refill-wr,0,73.122166
0,0,1036800,100%,raw-l1d-tlb-wr,0,73.122166
0,0,1036800,100%,raw-l1i-cache,"48,465,835,657",73.139913
0,0,1036800,100%,raw-l1i-cache-lmiss,0,73.139913
0,0,1036800,100%,raw-l1i-cache-refill,"30,515,694",73.139913
0,0,1036800,100%,raw-l1i-tlb,"49,260,325,507",73.139913
0,0,1036800,100%,raw-l1i-tlb-refill,"4,100,558",73.139913
0,0,1036800,100%,raw-l2d-cache,"745,136,455",73.139913
0,0,1036800,100%,raw-l2d-cache-allocate,"349,919,971",73.133401
0,0,1036800,100%,raw-l2d-cache-inval,0,73.133401
0,0,1036800,100%,raw-l2d-cache-lmiss-rd,0,73.133401
0,0,1036800,100%,raw-l2d-cache-rd,"395,715,536",73.133401
0,0,1036800,100%,raw-l2d-cache-refill,"229,088,520",73.133401
0,0,1036800,100%,raw-l2d-cache-refill-rd,"229,050,869",73.133401
0,0,1036800,100%,raw-l2d-cache-refill-wr,"38,931",73.058133
0,0,1036800,100%,raw-l2d-cache-wb,"235,308,678",73.058133
0,0,1036800,100%,raw-l2d-cache-wb-clean,0,73.058133
0,0,1036800,100%,raw-l2d-cache-wb-victim,0,73.058133
0,0,1036800,100%,raw-l2d-cache-wr,"350,472,437",73.058133
0,0,1036800,100%,raw-l2d-tlb,"623,144,541",73.058133
0,0,1036800,100%,raw-l2d-tlb-rd,0,73.008820
0,0,1036800,100%,raw-l2d-tlb-refill,"3,095,367",73.008820
0,0,1036800,100%,raw-l2d-tlb-refill-rd,0,73.008820
0,0,1036800,100%,raw-l2d-tlb-refill-wr,0,73.008820
0,0,1036800,100%,raw-l2d-tlb-wr,0,73.008820
0,0,1036800,100%,raw-l2i-cache,0,73.008820
0,0,1036800,100%,raw-l2i-cache-lmiss,0,73.084918
0,0,1036800,100%,raw-l2i-cache-refill,0,73.084918
0,0,1036800,100%,raw-l2i-tlb,0,73.084918
0,0,1036800,100%,raw-l2i-tlb-refill,0,73.084918
0,0,1036800,100%,raw-l3d-cache,"456,572,292",73.084918
0,0,1036800,100%,raw-l3d-cache-allocate,"227,923,090",73.084918
0,0,1036800,100%,raw-l3d-cache-inval,0,73.046183
0,0,1036800,100%,raw-l3d-cache-lmiss-rd,0,73.046183
0,0,1036800,100%,raw-l3d-cache-rd,"228,286,291",73.046183
0,0,1036800,100%,raw-l3d-cache-refill,"44,232,272",73.046183
0,0,1036800,100%,raw-l3d-cache-refill-rd,"44,232,272",73.046183
0,0,1036800,100%,raw-l3d-cache-refill-wr,0,73.046183
0,0,1036800,100%,raw-l3d-cache-wb,0,72.844075
0,0,1036800,100%,raw-l3d-cache-wb-clean,0,72.844075
0,0,1036800,100%,raw-l3d-cache-wb-victim,0,72.844075
0,0,1036800,100%,raw-l3d-cache-wr,0,72.844075
0,0,1036800,100%,raw-ld-retired,"29,683,416,929",72.844075
0,0,1036800,100%,raw-ld-spec,"29,892,155,609",72.844075
0,0,1036800,100%,raw-ldrex-spec,0,73.062099
0,0,1036800,100%,raw-ldst-spec,"34,697,683,767",73.062099
0,0,1036800,100%,raw-ll-cache,0,73.062099
0,0,1036800,100%,raw-ll-cache-miss,0,73.062099
0,0,1036800,100%,raw-ll-cache-miss-rd,"44,510,447",73.062099
0,0,1036800,100%,raw-ll-cache-rd,"229,398,092",73.062099
0,0,1036800,100%,raw-mem-access,"34,810,963,019",72.967719
0,0,1036800,100%,raw-mem-access-rd,"30,039,442,327",72.967719
0,0,1036800,100%,raw-mem-access-wr,"4,771,520,692",72.967719
0,0,1036800,100%,raw-memory-error,0,72.967719
0,0,1036800,100%,raw-op-retired,0,72.967719
0,0,1036800,100%,raw-op-spec,0,72.967719
0,0,1036800,100%,raw-pc-write-retired,"7,041,212,432",73.080574
0,0,1036800,100%,raw-pc-write-spec,"8,683,434,246",73.080574
0,0,1036800,100%,raw-rc-ld-spec,0,73.080574
0,0,1036800,100%,raw-rc-st-spec,0,73.080574
0,0,1036800,100%,raw-remote-access,0,73.080574
0,0,1036800,100%,raw-remote-access-rd,0,73.080574
0,0,1036800,100%,raw-sample-collision,0,73.009940
0,0,1036800,100%,raw-sample-feed,0,73.009940
0,0,1036800,100%,raw-sample-filtrate,0,73.009940
0,0,1036800,100%,raw-sample-pop,0,73.009940
0,0,1036800,100%,raw-st-retired,"4,761,074,681",73.009940
0,0,1036800,100%,raw-st-spec,"4,805,044,875",73.009940
0,0,1036800,100%,raw-stall,0,73.156320
0,0,1036800,100%,raw-stall-backend,"22,322,479,253",73.156320
0,0,1036800,100%,raw-stall-backend-mem,0,73.156320
0,0,1036800,100%,raw-stall-frontend,"1,508,682,103",73.156320
0,0,1036800,100%,raw-stall-slot,0,73.156320
0,0,1036800,100%,raw-stall-slot-backend,0,73.156320
0,0,1036800,100%,raw-stall-slot-frontend,0,73.065596
0,0,1036800,100%,raw-strex-fail-spec,0,73.065596
0,0,1036800,100%,raw-strex-pass-spec,0,73.065596
0,0,1036800,100%,raw-strex-spec,0,73.065596
0,0,1036800,100%,raw-sve-inst-retired,0,73.065596
0,0,1036800,100%,raw-sve-inst-spec,0,73.065596
0,0,1036800,100%,raw-sw-incr,0,72.995593
0,0,1036800,100%,raw-ttbr-write-retired,6,72.995593
0,0,1036800,100%,raw-unaligned-ld-spec,0,72.995593
0,0,1036800,100%,raw-unaligned-ldst-retired,"72,593,711",72.995593
0,0,1036800,100%,raw-unaligned-ldst-spec,0,72.995593
0,0,1036800,100%,raw-unaligned-st-spec,0,72.995593
0,0,1036800,100%,raw-vfp-spec,"80,531,980",73.032849
0,0,1785600,100%,raw-ase-spec,"17,101,703",43.037728
0,0,1785600,100%,raw-br-immed-retired,"6,633,046,482",43.037728
0,0,1785600,100%,raw-br-immed-spec,"6,633,046,482",43.037728
0,0,1785600,100%,raw-br-indirect-spec,"867,598,282",43.037728
0,0,1785600,100%,raw-br-mis-pred,"194,446,444",43.037728
0,0,1785600,100%,raw-br-mis-pred-retired,"217,193,552",43.037728
0,0,1785600,100%,raw-br-pred,"7,549,382,516",42.887586
0,0,1785600,100%,raw-br-retired,"8,556,582,743",42.887586
0,0,1785600,100%,raw-br-return-retired,"1,055,881,232",42.887586
0,0,1785600,100%,raw-br-return-spec,"1,055,881,232",42.887586
0,0,1785600,100%,raw-bus-access,"1,693,478,874",42.887586
0,0,1785600,100%,raw-bus-access-normal,0,42.887586
0,0,1785600,100%,raw-bus-access-not-shared,0,43.022360
0,0,1785600,100%,raw-bus-access-periph,0,43.022360
0,0,1785600,100%,raw-bus-access-rd,"838,267,768",43.022360
0,0,1785600,100%,raw-bus-access-shared,0,43.022360
0,0,1785600,100%,raw-bus-access-wr,"876,109,752",43.022360
0,0,1785600,100%,raw-bus-cycles,"76,710,238,852",43.022360
0,0,1785600,100%,raw-cid-write-retired,1,42.992852
0,0,1785600,100%,raw-cnt-cycles,0,42.992852
0,0,1785600,100%,raw-cpu-cycles,"76,660,231,414",42.992852
0,0,1785600,100%,raw-crypto-spec,0,42.992852
0,0,1785600,100%,raw-dmb-spec,0,42.992852
0,0,1785600,100%,raw-dp-spec,"40,596,092,546",42.997646
0,0,1785600,100%,raw-dsb-spec,0,42.997646
0,0,1785600,100%,raw-dtlb-walk,"2,670,914",42.997646
0,0,1785600,100%,raw-exc-dabort,0,42.997646
0,0,1785600,100%,raw-exc-fiq,7,42.997646
0,0,1785600,100%,raw-exc-hvc,0,42.997646
0,0,1785600,100%,raw-exc-irq,"12,955",43.010246
0,0,1785600,100%,raw-exc-pabort,0,43.010246
0,0,1785600,100%,raw-exc-return,"23,654",43.010246
0,0,1785600,100%,raw-exc-smc,0,43.010246
0,0,1785600,100%,raw-exc-svc,0,43.010246
0,0,1785600,100%,raw-exc-taken,"23,661",43.010246
0,0,1785600,100%,raw-exc-trap-dabort,0,42.971497
0,0,1785600,100%,raw-exc-trap-fiq,0,42.971497
0,0,1785600,100%,raw-exc-trap-irq,0,42.971497
0,0,1785600,100%,raw-exc-trap-other,0,42.971497
0,0,1785600,100%,raw-exc-trap-pabort,0,42.971497
0,0,1785600,100%,raw-exc-undef,0,42.971497
0,0,1785600,100%,raw-inst-retired,"83,228,398,649",43.025636
0,0,1785600,100%,raw-inst-spec,"84,008,719,706",43.025636
0,0,1785600,100%,raw-isb-spec,0,43.025636
0,0,1785600,100%,raw-itlb-walk,"186,658",43.025636
0,0,1785600,100%,raw-l1d-cache,"31,238,861,657",43.025636
0,0,1785600,100%,raw-l1d-cache-allocate,0,43.025636
0,0,1785600,100%,raw-l1d-cache-inval,0,42.900271
0,0,1785600,100%,raw-l1d-cache-lmiss-rd,0,42.900271
0,0,1785600,100%,raw-l1d-cache-rd,"30,120,130,477",42.900271
0,0,1785600,100%,raw-l1d-cache-refill,"209,556,254",42.900271
0,0,1785600,100%,raw-l1d-cache-refill-inner,"190,365,767",42.900271
0,0,1785600,100%,raw-l1d-cache-refill-outer,"22,685,255",42.900271
0,0,1785600,100%,raw-l1d-cache-refill-rd,"160,800,439",43.004203
0,0,1785600,100%,raw-l1d-cache-refill-wr,"50,367,747",43.004203
0,0,1785600,100%,raw-l1d-cache-wb,"337,129,861",43.004203
0,0,1785600,100%,raw-l1d-cache-wb-clean,0,43.004203
0,0,1785600,100%,raw-l1d-cache-wb-victim,0,43.004203
0,0,1785600,100%,raw-l1d-cache-wr,"998,724,418",43.004203
0,0,1785600,100%,raw-l1d-tlb,"31,238,035,800",43.000199
0,0,1785600,100%,raw-l1d-tlb-rd,0,43.000199
0,0,1785600,100%,raw-l1d-tlb-refill,"610,928,666",43.000199
0,0,1785600,100%,raw-l1d-tlb-refill-rd,0,43.000199
0,0,1785600,100%,raw-l1d-tlb-refill-wr,0,43.000199
0,0,1785600,100%,raw-l1d-tlb-wr,0,43.000199
0,0,1785600,100%,raw-l1i-cache,"48,367,885,235",43.062749
0,0,1785600,100%,raw-l1i-cache-lmiss,0,43.062749
0,0,1785600,100%,raw-l1i-cache-refill,"22,699,548",43.062749
0,0,1785600,100%,raw-l1i-tlb,"49,127,767,823",43.062749
0,0,1785600,100%,raw-l1i-tlb-refill,"3,777,911",43.062749
0,0,1785600,100%,raw-l2d-cache,"719,706,529",43.062749
0,0,1785600,100%,raw-l2d-cache-allocate,"342,185,166",42.950016
0,0,1785600,100%,raw-l2d-cache-inval,0,42.950016
0,0,1785600,100%,raw-l2d-cache-lmiss-rd,0,42.950016
0,0,1785600,100%,raw-l2d-cache-rd,"369,613,258",42.950016
0,0,1785600,100%,raw-l2d-cache-refill,"207,806,349",42.950016
0,0,1785600,100%,raw-l2d-cache-refill-rd,"207,482,141",42.950016
0,0,1785600,100%,raw-l2d-cache-refill-wr,"358,669",42.979473
0,0,1785600,100%,raw-l2d-cache-wb,"216,735,851",42.979473
0,0,1785600,100%,raw-l2d-cache-wb-clean,0,42.979473
0,0,1785600,100%,raw-l2d-cache-wb-victim,0,42.979473
0,0,1785600,100%,raw-l2d-cache-wr,"345,836,332",42.979473
0,0,1785600,100%,raw-l2d-tlb,"657,704,081",42.979473
0,0,1785600,100%,raw-l2d-tlb-rd,0,42.985188
0,0,1785600,100%,raw-l2d-tlb-refill,"2,846,041",42.985188
0,0,1785600,100%,raw-l2d-tlb-refill-rd,0,42.985188
0,0,1785600,100%,raw-l2d-tlb-refill-wr,0,42.985188
0,0,1785600,100%,raw-l2d-tlb-wr,0,42.985188
0,0,1785600,100%,raw-l2i-cache,0,42.985188
0,0,1785600,100%,raw-l2i-cache-lmiss,0,43.023538
0,0,1785600,100%,raw-l2i-cache-refill,0,43.023538
0,0,1785600,100%,raw-l2i-tlb,0,43.023538
0,0,1785600,100%,raw-l2i-tlb-refill,0,43.023538
0,0,1785600,100%,raw-l3d-cache,"422,057,964",43.023538
0,0,1785600,100%,raw-l3d-cache-allocate,"213,547,615",43.023538
0,0,1785600,100%,raw-l3d-cache-inval,0,42.908077
0,0,1785600,100%,raw-l3d-cache-lmiss-rd,0,42.908077
0,0,1785600,100%,raw-l3d-cache-rd,"206,356,509",42.908077
0,0,1785600,100%,raw-l3d-cache-refill,"37,332,702",42.908077
0,0,1785600,100%,raw-l3d-cache-refill-rd,"37,332,702",42.908077
0,0,1785600,100%,raw-l3d-cache-refill-wr,0,42.908077
0,0,1785600,100%,raw-l3d-cache-wb,0,42.987588
0,0,1785600,100%,raw-l3d-cache-wb-clean,0,42.987588
0,0,1785600,100%,raw-l3d-cache-wb-victim,0,42.987588
0,0,1785600,100%,raw-l3d-cache-wr,0,42.987588
0,0,1785600,100%,raw-ld-retired,"29,661,849,635",42.987588
0,0,1785600,100%,raw-ld-spec,"29,867,600,784",42.987588
0,0,1785600,100%,raw-ldrex-spec,0,42.934906
0,0,1785600,100%,raw-ldst-spec,"34,660,703,787",42.934906
0,0,1785600,100%,raw-ll-cache,0,42.934906
0,0,1785600,100%,raw-ll-cache-miss,0,42.934906
0,0,1785600,100%,raw-ll-cache-miss-rd,"38,273,389",42.934906
0,0,1785600,100%,raw-ll-cache-rd,"208,771,707",42.934906
0,0,1785600,100%,raw-mem-access,"34,773,256,241",43.040280
0,0,1785600,100%,raw-mem-access-rd,"30,012,537,939",43.040280
0,0,1785600,100%,raw-mem-access-wr,"4,760,718,302",43.040280
0,0,1785600,100%,raw-memory-error,0,43.040280
0,0,1785600,100%,raw-op-retired,0,43.040280
0,0,1785600,100%,raw-op-spec,0,43.040280
0,0,1785600,100%,raw-pc-write-retired,"7,031,030,580",43.020780
0,0,1785600,100%,raw-pc-write-spec,"8,663,831,634",43.020780
0,0,1785600,100%,raw-rc-ld-spec,0,43.020780
0,0,1785600,100%,raw-rc-st-spec,0,43.020780
0,0,1785600,100%,raw-remote-access,0,43.020780
0,0,1785600,100%,raw-remote-access-rd,0,43.020780
0,0,1785600,100%,raw-sample-collision,0,43.049601
0,0,1785600,100%,raw-sample-feed,0,43.049601
0,0,1785600,100%,raw-sample-filtrate,0,43.049601
0,0,1785600,100%,raw-sample-pop,0,43.049601
0,0,1785600,100%,raw-st-retired,"4,750,379,047",43.049601
0,0,1785600,100%,raw-st-spec,"4,792,846,717",43.049601
0,0,1785600,100%,raw-stall,0,42.997990
0,0,1785600,100%,raw-stall-backend,"23,380,149,467",42.997990
0,0,1785600,100%,raw-stall-backend-mem,0,42.997990
0,0,1785600,100%,raw-stall-frontend,"1,492,322,287",42.997990
0,0,1785600,100%,raw-stall-slot,0,42.997990
0,0,1785600,100%,raw-stall-slot-backend,0,42.997990
0,0,1785600,100%,raw-stall-slot-frontend,0,43.034037
0,0,1785600,100%,raw-strex-fail-spec,0,43.034037
0,0,1785600,100%,raw-strex-pass-spec,0,43.034037
0,0,1785600,100%,raw-strex-spec,0,43.034037
0,0,1785600,100%,raw-sve-inst-retired,0,43.034037
0,0,1785600,100%,raw-sve-inst-spec,0,43.034037
0,0,1785600,100%,raw-sw-incr,0,42.915760
0,0,1785600,100%,raw-ttbr-write-retired,6,42.915760
0,0,1785600,100%,raw-unaligned-ld-spec,0,42.915760
0,0,1785600,100%,raw-unaligned-ldst-retired,"72,558,990",42.915760
0,0,1785600,100%,raw-unaligned-ldst-spec,0,42.915760
0,0,1785600,100%,raw-unaligned-st-spec,0,42.915760
0,0,1785600,100%,raw-vfp-spec,"80,513,471",43.009244
4,4,710400,100%,raw-ase-spec,"25,718,116",42.190718
4,4,710400,100%,raw-br-immed-retired,0,42.190718
4,4,710400,100%,raw-br-immed-spec,"6,737,518,594",42.190718
4,4,710400,100%,raw-br-indirect-spec,"1,937,837,597",42.190718
4,4,710400,100%,raw-br-mis-pred,"93,144,265",42.190718
4,4,710400,100%,raw-br-mis-pred-retired,"89,629,012",42.190718
4,4,710400,100%,raw-br-pred,"8,675,314,434",42.200182
4,4,710400,100%,raw-br-retired,"8,555,773,251",42.200182
4,4,710400,100%,raw-br-return-retired,0,42.200182
4,4,710400,100%,raw-br-return-spec,"1,067,535,400",42.200182
4,4,710400,100%,raw-bus-access,"1,991,345,354",42.200182
4,4,710400,100%,raw-bus-access-normal,0,42.200182
4,4,710400,100%,raw-bus-access-not-shared,0,42.138746
4,4,710400,100%,raw-bus-access-periph,0,42.138746
4,4,710400,100%,raw-bus-access-rd,"967,443,677",42.138746
4,4,710400,100%,raw-bus-access-shared,0,42.138746
4,4,710400,100%,raw-bus-access-wr,"1,007,261,692",42.138746
4,4,710400,100%,raw-bus-cycles,"29,840,234,827",42.138746
4,4,710400,100%,raw-cid-write-retired,1,42.107709
4,4,710400,100%,raw-cnt-cycles,0,42.107709
4,4,710400,100%,raw-cpu-cycles,"29,819,932,446",42.107709
4,4,710400,100%,raw-crypto-spec,0,42.107709
4,4,710400,100%,raw-dmb-spec,"689,342",42.107709
4,4,710400,100%,raw-dp-spec,"42,028,841,379",42.162818
4,4,710400,100%,raw-dsb-spec,"107,060",42.162818
4,4,710400,100%,raw-dtlb-walk,"2,754,144",42.162818
4,4,710400,100%,raw-exc-dabort,"9,378",42.162818
4,4,710400,100%,raw-exc-fiq,0,42.162818
4,4,710400,100%,raw-exc-hvc,0,42.162818
4,4,710400,100%,raw-exc-irq,"16,894",42.190692
4,4,710400,100%,raw-exc-pabort,60,42.190692
4,4,710400,100%,raw-exc-return,"27,590",42.190692
4,4,710400,100%,raw-exc-smc,0,42.190692
4,4,710400,100%,raw-exc-svc,"1,261",42.190692
4,4,710400,100%,raw-exc-taken,"27,597",42.190692
4,4,710400,100%,raw-exc-trap-dabort,0,42.190867
4,4,710400,100%,raw-exc-trap-fiq,7,42.190867
4,4,710400,100%,raw-exc-trap-irq,0,42.190867
4,4,710400,100%,raw-exc-trap-other,2,42.190867
4,4,710400,100%,raw-exc-trap-pabort,0,42.190867
4,4,710400,100%,raw-exc-undef,40,42.190867
4,4,710400,100%,raw-inst-retired,"83,225,000,237",42.110444
4,4,710400,100%,raw-inst-spec,"86,894,485,640",42.110444
4,4,710400,100%,raw-isb-spec,"284,646",42.110444
4,4,710400,100%,raw-itlb-walk,"124,924",42.110444
4,4,710400,100%,raw-l1d-cache,"34,939,625,093",42.110444
4,4,710400,100%,raw-l1d-cache-allocate,0,42.110444
4,4,710400,100%,raw-l1d-cache-inval,"388,737",42.095841
4,4,710400,100%,raw-l1d-cache-lmiss-rd,0,42.095841
4,4,710400,100%,raw-l1d-cache-rd,"30,018,248,558",42.095841
4,4,710400,100%,raw-l1d-cache-refill,"131,502,367",42.095841
4,4,710400,100%,raw-l1d-cache-refill-inner,"116,212,683",42.095841
4,4,710400,100%,raw-l1d-cache-refill-outer,"15,289,684",42.095841
4,4,710400,100%,raw-l1d-cache-refill-rd,"82,955,676",42.118739
4,4,710400,100%,raw-l1d-cache-refill-wr,"49,107,768",42.118739
4,4,710400,100%,raw-l1d-cache-wb,"52,967,284",42.118739
4,4,710400,100%,raw-l1d-cache-wb-clean,"243,641",42.118739
4,4,710400,100%,raw-l1d-cache-wb-victim,"52,723,643",42.118739
4,4,710400,100%,raw-l1d-cache-wr,"4,922,085,548",42.118739
4,4,710400,100%,raw-l1d-tlb,"35,334,549,610",42.193399
4,4,710400,100%,raw-l1d-tlb-rd,"30,355,671,817",42.193399
4,4,710400,100%,raw-l1d-tlb-refill,"51,597,929",42.193399
4,4,710400,100%,raw-l1d-tlb-refill-rd,"47,270,875",42.193399
4,4,710400,100%,raw-l1d-tlb-refill-wr,"4,327,054",42.193399
4,4,710400,100%,raw-l1d-tlb-wr,"4,978,877,793",42.193399
4,4,710400,100%,raw-l1i-cache,"23,813,850,543",42.194617
4,4,710400,100%,raw-l1i-cache-lmiss,0,42.194617
4,4,710400,100%,raw-l1i-cache-refill,"13,635,407",42.194617
4,4,710400,100%,raw-l1i-tlb,"18,092,851,009",42.194617
4,4,710400,100%,raw-l1i-tlb-refill,"226,251",42.194617
4,4,710400,100%,raw-l2d-cache,"465,346,818",42.194617
4,4,710400,100%,raw-l2d-cache-allocate,"13,049,679",42.077426
4,4,710400,100%,raw-l2d-cache-inval,"643,832",42.077426
4,4,710400,100%,raw-l2d-cache-lmiss-rd,0,42.077426
4,4,710400,100%,raw-l2d-cache-rd,"232,213,242",42.077426
4,4,710400,100%,raw-l2d-cache-refill,"80,633,311",42.077426
4,4,710400,100%,raw-l2d-cache-refill-rd,"80,633,311",42.077426
4,4,710400,100%,raw-l2d-cache-refill-wr,0,42.181195
4,4,710400,100%,raw-l2d-cache-wb,"257,396,046",42.181195
4,4,710400,100%,raw-l2d-cache-wb-clean,"3,852,701",42.181195
4,4,710400,100%,raw-l2d-cache-wb-victim,"253,543,345",42.181195
4,4,710400,100%,raw-l2d-cache-wr,"232,598,972",42.181195
4,4,710400,100%,raw-l2d-tlb,"51,078,366",42.181195
4,4,710400,100%,raw-l2d-tlb-rd,"48,265,543",42.130897
4,4,710400,100%,raw-l2d-tlb-refill,"2,972,426",42.130897
4,4,710400,100%,raw-l2d-tlb-refill-rd,"2,475,795",42.130897
4,4,710400,100%,raw-l2d-tlb-refill-wr,"496,631",42.130897
4,4,710400,100%,raw-l2d-tlb-wr,"4,833,596",42.130897
4,4,710400,100%,raw-l2i-cache,0,42.130897
4,4,710400,100%,raw-l2i-cache-lmiss,0,42.100332
4,4,710400,100%,raw-l2i-cache-refill,0,42.100332
4,4,710400,100%,raw-l2i-tlb,0,42.100332
4,4,710400,100%,raw-l2i-tlb-refill,0,42.100332
4,4,710400,100%,raw-l3d-cache,"491,967,751",42.100332
4,4,710400,100%,raw-l3d-cache-allocate,"250,912,200",42.100332
4,4,710400,100%,raw-l3d-cache-inval,0,42.217985
4,4,710400,100%,raw-l3d-cache-lmiss-rd,0,42.217985
4,4,710400,100%,raw-l3d-cache-rd,"247,962,495",42.217985
4,4,710400,100%,raw-l3d-cache-refill,"87,423,933",42.217985
4,4,710400,100%,raw-l3d-cache-refill-rd,0,42.217985
4,4,710400,100%,raw-l3d-cache-refill-wr,0,42.217985
4,4,710400,100%,raw-l3d-cache-wb,0,42.168417
4,4,710400,100%,raw-l3d-cache-wb-clean,0,42.168417
4,4,710400,100%,raw-l3d-cache-wb-victim,0,42.168417
4,4,710400,100%,raw-l3d-cache-wr,0,42.168417
4,4,710400,100%,raw-ld-retired,0,42.168417
4,4,710400,100%,raw-ld-spec,"30,603,180,700",42.168417
4,4,710400,100%,raw-ldrex-spec,"17,333",42.133753
4,4,710400,100%,raw-ldst-spec,0,42.133753
4,4,710400,100%,raw-ll-cache,0,42.133753
4,4,710400,100%,raw-ll-cache-miss,0,42.133753
4,4,710400,100%,raw-ll-cache-miss-rd,"88,111,229",42.133753
4,4,710400,100%,raw-ll-cache-rd,"244,879,759",42.133753
4,4,710400,100%,raw-mem-access,"34,941,390,802",42.100546
4,4,710400,100%,raw-mem-access-rd,"30,018,205,360",42.100546
4,4,710400,100%,raw-mem-access-wr,"4,923,185,442",42.100546
4,4,710400,100%,raw-memory-error,0,42.100546
4,4,710400,100%,raw-op-retired,0,42.100546
4,4,710400,100%,raw-op-spec,0,42.100546
4,4,710400,100%,raw-pc-write-retired,0,42.133500
4,4,710400,100%,raw-pc-write-spec,"7,098,012,298",42.133500
4,4,710400,100%,raw-rc-ld-spec,"427,134",42.133500
4,4,710400,100%,raw-rc-st-spec,"399,019",42.133500
4,4,710400,100%,raw-remote-access,0,42.133500
4,4,710400,100%,raw-remote-access-rd,0,42.133500
4,4,710400,100%,raw-sample-collision,0,42.174387
4,4,710400,100%,raw-sample-feed,0,42.174387
4,4,710400,100%,raw-sample-filtrate,0,42.174387
4,4,710400,100%,raw-sample-pop,0,42.174387
4,4,710400,100%,raw-st-retired,0,42.174387
4,4,710400,100%,raw-st-spec,"5,000,664,477",42.174387
4,4,710400,100%,raw-stall,0,42.130751
4,4,710400,100%,raw-stall-backend,"2,114,693,130",42.130751
4,4,710400,100%,raw-stall-backend-mem,0,42.130751
4,4,710400,100%,raw-stall-frontend,"1,914,206,708",42.130751
4,4,710400,100%,raw-stall-slot,0,42.130751
4,4,710400,100%,raw-stall-slot-backend,0,42.130751
4,4,710400,100%,raw-stall-slot-frontend,0,42.226940
4,4,710400,100%,raw-strex-fail-spec,51,42.226940
4,4,710400,100%,raw-strex-pass-spec,"17,004",42.226940
4,4,710400,100%,raw-strex-spec,"17,055",42.226940
4,4,710400,100%,raw-sve-inst-retired,"219,168",42.226940
4,4,710400,100%,raw-sve-inst-spec,0,42.226940
4,4,710400,100%,raw-sw-incr,0,42.169178
4,4,710400,100%,raw-ttbr-write-retired,6,42.169178
4,4,710400,100%,raw-unaligned-ld-spec,"38,100,409",42.169178
4,4,710400,100%,raw-unaligned-ldst-retired,0,42.169178
4,4,710400,100%,raw-unaligned-ldst-spec,"76,205,295",42.169178
4,4,710400,100%,raw-unaligned-st-spec,"38,104,886",42.169178
4,4,710400,100%,raw-vfp-spec,"33,915,787",42.092049
4,4,1612800,100%,raw-ase-spec,"25,718,081",18.760955
4,4,1612800,100%,raw-br-immed-retired,0,18.760955
4,4,1612800,100%,raw-br-immed-spec,"6,725,672,348",18.760955
4,4,1612800,100%,raw-br-indirect-spec,"1,936,668,539",18.760955
4,4,1612800,100%,raw-br-mis-pred,"92,966,918",18.760955
4,4,1612800,100%,raw-br-mis-pred-retired,"89,466,160",18.760955
4,4,1612800,100%,raw-br-pred,"8,662,765,351",19.005894
4,4,1612800,100%,raw-br-retired,"8,542,907,194",19.005894
4,4,1612800,100%,raw-br-return-retired,0,19.005894
4,4,1612800,100%,raw-br-return-spec,"1,066,791,293",19.005894
4,4,1612800,100%,raw-bus-access,"1,953,755,359",19.005894
4,4,1612800,100%,raw-bus-access-normal,0,19.005894
4,4,1612800,100%,raw-bus-access-not-shared,0,18.755246
4,4,1612800,100%,raw-bus-access-periph,0,18.755246
4,4,1612800,100%,raw-bus-access-rd,"939,140,012",18.755246
4,4,1612800,100%,raw-bus-access-shared,0,18.755246
4,4,1612800,100%,raw-bus-access-wr,"986,913,048",18.755246
4,4,1612800,100%,raw-bus-cycles,"30,192,830,247",18.755246
4,4,1612800,100%,raw-cid-write-retired,1,18.786022
4,4,1612800,100%,raw-cnt-cycles,0,18.786022
4,4,1612800,100%,raw-cpu-cycles,"30,242,753,056",18.786022
4,4,1612800,100%,raw-crypto-spec,0,18.786022
4,4,1612800,100%,raw-dmb-spec,"333,297",18.786022
4,4,1612800,100%,raw-dp-spec,"41,996,517,974",18.795102
4,4,1612800,100%,raw-dsb-spec,"52,122",18.795102
4,4,1612800,100%,raw-dtlb-walk,"2,701,870",18.795102
4,4,1612800,100%,raw-exc-dabort,"9,377",18.795102
4,4,1612800,100%,raw-exc-fiq,0,18.795102
4,4,1612800,100%,raw-exc-hvc,0,18.795102
4,4,1612800,100%,raw-exc-irq,"7,525",18.776792
4,4,1612800,100%,raw-exc-pabort,60,18.776792
4,4,1612800,100%,raw-exc-return,"18,225",18.776792
4,4,1612800,100%,raw-exc-smc,0,18.776792
4,4,1612800,100%,raw-exc-svc,"1,261",18.776792
4,4,1612800,100%,raw-exc-taken,"18,228",18.776792
4,4,1612800,100%,raw-exc-trap-dabort,0,18.719469
4,4,1612800,100%,raw-exc-trap-fiq,3,18.719469
4,4,1612800,100%,raw-exc-trap-irq,0,18.719469
4,4,1612800,100%,raw-exc-trap-other,2,18.719469
4,4,1612800,100%,raw-exc-trap-pabort,0,18.719469
4,4,1612800,100%,raw-exc-undef,11,18.719469
4,4,1612800,100%,raw-inst-retired,"83,148,940,216",18.753263
4,4,1612800,100%,raw-inst-spec,"86,825,582,969",18.753263
4,4,1612800,100%,raw-isb-spec,"127,445",18.753263
4,4,1612800,100%,raw-itlb-walk,"119,561",18.753263
4,4,1612800,100%,raw-l1d-cache,"34,914,540,119",18.753263
4,4,1612800,100%,raw-l1d-cache-allocate,0,18.753263
4,4,1612800,100%,raw-l1d-cache-inval,"137,662",18.733463
4,4,1612800,100%,raw-l1d-cache-lmiss-rd,0,18.733463
4,4,1612800,100%,raw-l1d-cache-rd,"30,000,597,461",18.733463
4,4,1612800,100%,raw-l1d-cache-refill,"129,683,897",18.733463
4,4,1612800,100%,raw-l1d-cache-refill-inner,"115,045,489",18.733463
4,4,1612800,100%,raw-l1d-cache-refill-outer,"14,638,408",18.733463
4,4,1612800,100%,raw-l1d-cache-refill-rd,"81,527,213",18.763312
4,4,1612800,100%,raw-l1d-cache-refill-wr,"49,271,329",18.763312
4,4,1612800,100%,raw-l1d-cache-wb,"52,878,886",18.763312
4,4,1612800,100%,raw-l1d-cache-wb-clean,"106,611",18.763312
4,4,1612800,100%,raw-l1d-cache-wb-victim,"52,772,275",18.763312
4,4,1612800,100%,raw-l1d-cache-wr,"4,914,881,724",18.763312
4,4,1612800,100%,raw-l1d-tlb,"35,320,483,688",18.737367
4,4,1612800,100%,raw-l1d-tlb-rd,"30,350,687,561",18.737367
4,4,1612800,100%,raw-l1d-tlb-refill,"48,515,675",18.737367
4,4,1612800,100%,raw-l1d-tlb-refill-rd,"44,291,363",18.737367
4,4,1612800,100%,raw-l1d-tlb-refill-wr,"4,224,312",18.737367
4,4,1612800,100%,raw-l1d-tlb-wr,"4,969,796,127",18.737367
4,4,1612800,100%,raw-l1i-cache,"23,787,402,402",18.810273
4,4,1612800,100%,raw-l1i-cache-lmiss,0,18.810273
4,4,1612800,100%,raw-l1i-cache-refill,"8,702,405",18.810273
4,4,1612800,100%,raw-l1i-tlb,"18,066,626,895",18.810273
4,4,1612800,100%,raw-l1i-tlb-refill,"180,085",18.810273
4,4,1612800,100%,raw-l2d-cache,"455,007,301",18.810273
4,4,1612800,100%,raw-l2d-cache-allocate,"12,813,648",18.767099
4,4,1612800,100%,raw-l2d-cache-inval,"206,047",18.767099
4,4,1612800,100%,raw-l2d-cache-lmiss-rd,0,18.767099
4,4,1612800,100%,raw-l2d-cache-rd,"225,187,013",18.767099
4,4,1612800,100%,raw-l2d-cache-refill,"72,818,673",18.767099
4,4,1612800,100%,raw-l2d-cache-refill-rd,"72,818,673",18.767099
4,4,1612800,100%,raw-l2d-cache-refill-wr,0,18.731358
4,4,1612800,100%,raw-l2d-cache-wb,"247,541,310",18.731358
4,4,1612800,100%,raw-l2d-cache-wb-clean,"1,354,411",18.731358
4,4,1612800,100%,raw-l2d-cache-wb-victim,"246,186,899",18.731358
4,4,1612800,100%,raw-l2d-cache-wr,"229,152,740",18.731358
4,4,1612800,100%,raw-l2d-tlb,"51,107,171",18.731358
4,4,1612800,100%,raw-l2d-tlb-rd,"44,898,313",18.757162
4,4,1612800,100%,raw-l2d-tlb-refill,"2,736,962",18.757162
4,4,1612800,100%,raw-l2d-tlb-refill-rd,"2,278,426",18.757162
4,4,1612800,100%,raw-l2d-tlb-refill-wr,"458,536",18.757162
4,4,1612800,100%,raw-l2d-tlb-wr,"4,267,192",18.757162
4,4,1612800,100%,raw-l2i-cache,0,18.757162
4,4,1612800,100%,raw-l2i-cache-lmiss,0,18.741533
4,4,1612800,100%,raw-l2i-cache-refill,0,18.741533
4,4,1612800,100%,raw-l2i-tlb,0,18.741533
4,4,1612800,100%,raw-l2i-tlb-refill,0,18.741533
4,4,1612800,100%,raw-l3d-cache,"480,539,011",18.741533
4,4,1612800,100%,raw-l3d-cache-allocate,"246,210,562",18.741533
4,4,1612800,100%,raw-l3d-cache-inval,0,18.772147
4,4,1612800,100%,raw-l3d-cache-lmiss-rd,0,18.772147
4,4,1612800,100%,raw-l3d-cache-rd,"233,008,525",18.772147
4,4,1612800,100%,raw-l3d-cache-refill,"81,897,965",18.772147
4,4,1612800,100%,raw-l3d-cache-refill-rd,0,18.772147
4,4,1612800,100%,raw-l3d-cache-refill-wr,0,18.772147
4,4,1612800,100%,raw-l3d-cache-wb,0,18.743038
4,4,1612800,100%,raw-l3d-cache-wb-clean,0,18.743038
4,4,1612800,100%,raw-l3d-cache-wb-victim,0,18.743038
4,4,1612800,100%,raw-l3d-cache-wr,0,18.743038
4,4,1612800,100%,raw-ld-retired,0,18.743038
4,4,1612800,100%,raw-ld-spec,"30,580,422,399",18.743038
4,4,1612800,100%,raw-ldrex-spec,"17,328",18.737313
4,4,1612800,100%,raw-ldst-spec,0,18.737313
4,4,1612800,100%,raw-ll-cache,0,18.737313
4,4,1612800,100%,raw-ll-cache-miss,0,18.737313
4,4,1612800,100%,raw-ll-cache-miss-rd,"81,216,554",18.737313
4,4,1612800,100%,raw-ll-cache-rd,"232,535,693",18.737313
4,4,1612800,100%,raw-mem-access,"34,919,803,830",18.771866
4,4,1612800,100%,raw-mem-access-rd,"30,005,284,072",18.771866
4,4,1612800,100%,raw-mem-access-wr,"4,914,519,758",18.771866
4,4,1612800,100%,raw-memory-error,0,18.771866
4,4,1612800,100%,raw-op-retired,0,18.771866
4,4,1612800,100%,raw-op-spec,0,18.771866
4,4,1612800,100%,raw-pc-write-retired,0,18.788501
4,4,1612800,100%,raw-pc-write-spec,"7,091,851,114",18.788501
4,4,1612800,100%,raw-rc-ld-spec,"254,675",18.788501
4,4,1612800,100%,raw-rc-st-spec,"230,876",18.788501
4,4,1612800,100%,raw-remote-access,0,18.788501
4,4,1612800,100%,raw-remote-access-rd,0,18.788501
4,4,1612800,100%,raw-sample-collision,0,18.780466
4,4,1612800,100%,raw-sample-feed,0,18.780466
4,4,1612800,100%,raw-sample-filtrate,0,18.780466
4,4,1612800,100%,raw-sample-pop,0,18.780466
4,4,1612800,100%,raw-st-retired,0,18.780466
4,4,1612800,100%,raw-st-spec,"4,992,531,366",18.780466
4,4,1612800,100%,raw-stall,0,18.726136
4,4,1612800,100%,raw-stall-backend,"2,428,637,186",18.726136
4,4,1612800,100%,raw-stall-backend-mem,0,18.726136
4,4,1612800,100%,raw-stall-frontend,"1,955,879,802",18.726136
4,4,1612800,100%,raw-stall-slot,0,18.726136
4,4,1612800,100%,raw-stall-slot-backend,0,18.726136
4,4,1612800,100%,raw-stall-slot-frontend,0,18.749760
4,4,1612800,100%,raw-strex-fail-spec,52,18.749760
4,4,1612800,100%,raw-strex-pass-spec,"16,986",18.749760
4,4,1612800,100%,raw-strex-spec,"17,038",18.749760
4,4,1612800,100%,raw-sve-inst-retired,"181,406",18.749760
4,4,1612800,100%,raw-sve-inst-spec,0,18.749760
4,4,1612800,100%,raw-sw-incr,0,18.771938
4,4,1612800,100%,raw-ttbr-write-retired,6,18.771938
4,4,1612800,100%,raw-unaligned-ld-spec,"38,097,598",18.771938
4,4,1612800,100%,raw-unaligned-ldst-retired,0,18.771938
4,4,1612800,100%,raw-unaligned-ldst-spec,"76,225,239",18.771938
4,4,1612800,100%,raw-unaligned-st-spec,"38,127,641",18.771938
4,4,1612800,100%,raw-vfp-spec,"33,915,404",18.725884
4,4,2419200,100%,raw-ase-spec,"25,718,604",12.613168
4,4,2419200,100%,raw-br-immed-retired,0,12.613168
4,4,2419200,100%,raw-br-immed-spec,"6,723,221,547",12.613168
4,4,2419200,100%,raw-br-indirect-spec,"1,935,530,587",12.613168
4,4,2419200,100%,raw-br-mis-pred,"92,772,782",12.613168
4,4,2419200,100%,raw-br-mis-pred-retired,"89,285,818",12.613168
4,4,2419200,100%,raw-br-pred,"8,658,825,391",12.614865
4,4,2419200,100%,raw-br-retired,"8,539,301,546",12.614865
4,4,2419200,100%,raw-br-return-retired,0,12.614865
4,4,2419200,100%,raw-br-return-spec,"1,065,885,321",12.614865
4,4,2419200,100%,raw-bus-access,"1,909,545,712",12.614865
4,4,2419200,100%,raw-bus-access-normal,0,12.614865
4,4,2419200,100%,raw-bus-access-not-shared,0,12.634816
4,4,2419200,100%,raw-bus-access-periph,0,12.634816
4,4,2419200,100%,raw-bus-access-rd,"935,502,818",12.634816
4,4,2419200,100%,raw-bus-access-shared,0,12.634816
4,4,2419200,100%,raw-bus-access-wr,"984,963,872",12.634816
4,4,2419200,100%,raw-bus-cycles,"30,533,984,809",12.634816
4,4,2419200,100%,raw-cid-write-retired,1,12.629532
4,4,2419200,100%,raw-cnt-cycles,0,12.629532
4,4,2419200,100%,raw-cpu-cycles,"30,521,296,943",12.629532
4,4,2419200,100%,raw-crypto-spec,0,12.629532
4,4,2419200,100%,raw-dmb-spec,"228,630",12.629532
4,4,2419200,100%,raw-dp-spec,"41,991,352,935",12.636352
4,4,2419200,100%,raw-dsb-spec,"34,812",12.636352
4,4,2419200,100%,raw-dtlb-walk,"2,624,832",12.636352
4,4,2419200,100%,raw-exc-dabort,"9,375",12.636352
4,4,2419200,100%,raw-exc-fiq,0,12.636352
4,4,2419200,100%,raw-exc-hvc,0,12.636352
4,4,2419200,100%,raw-exc-irq,"5,062",12.616066
4,4,2419200,100%,raw-exc-pabort,57,12.616066
4,4,2419200,100%,raw-exc-return,"15,762",12.616066
4,4,2419200,100%,raw-exc-smc,0,12.616066
4,4,2419200,100%,raw-exc-svc,"1,264",12.616066
4,4,2419200,100%,raw-exc-taken,"15,764",12.616066
4,4,2419200,100%,raw-exc-trap-dabort,0,12.619502
4,4,2419200,100%,raw-exc-trap-fiq,1,12.619502
4,4,2419200,100%,raw-exc-trap-irq,0,12.619502
4,4,2419200,100%,raw-exc-trap-other,2,12.619502
4,4,2419200,100%,raw-exc-trap-pabort,0,12.619502
4,4,2419200,100%,raw-exc-undef,10,12.619502
4,4,2419200,100%,raw-inst-retired,"83,129,269,045",12.628943
4,4,2419200,100%,raw-inst-spec,"86,801,872,832",12.628943
4,4,2419200,100%,raw-isb-spec,"86,378",12.628943
4,4,2419200,100%,raw-itlb-walk,"106,034",12.628943
4,4,2419200,100%,raw-l1d-cache,"34,911,683,787",12.628943
4,4,2419200,100%,raw-l1d-cache-allocate,0,12.628943
4,4,2419200,100%,raw-l1d-cache-inval,"97,400",12.608851
4,4,2419200,100%,raw-l1d-cache-lmiss-rd,0,12.608851
4,4,2419200,100%,raw-l1d-cache-rd,"29,998,399,821",12.608851
4,4,2419200,100%,raw-l1d-cache-refill,"129,434,915",12.608851
4,4,2419200,100%,raw-l1d-cache-refill-inner,"115,010,363",12.608851
4,4,2419200,100%,raw-l1d-cache-refill-outer,"14,424,552",12.608851
4,4,2419200,100%,raw-l1d-cache-refill-rd,"79,845,047",12.652739
4,4,2419200,100%,raw-l1d-cache-refill-wr,"49,494,625",12.652739
4,4,2419200,100%,raw-l1d-cache-wb,"52,531,570",12.652739
4,4,2419200,100%,raw-l1d-cache-wb-clean,"57,132",12.652739
4,4,2419200,100%,raw-l1d-cache-wb-victim,"52,474,438",12.652739
4,4,2419200,100%,raw-l1d-cache-wr,"4,912,721,038",12.652739
4,4,2419200,100%,raw-l1d-tlb,"35,351,872,555",12.630716
4,4,2419200,100%,raw-l1d-tlb-rd,"30,380,008,424",12.630716
4,4,2419200,100%,raw-l1d-tlb-refill,"52,079,564",12.630716
4,4,2419200,100%,raw-l1d-tlb-refill-rd,"47,405,951",12.630716
4,4,2419200,100%,raw-l1d-tlb-refill-wr,"4,673,613",12.630716
4,4,2419200,100%,raw-l1d-tlb-wr,"4,971,864,131",12.630716
4,4,2419200,100%,raw-l1i-cache,"23,776,312,028",12.619573
4,4,2419200,100%,raw-l1i-cache-lmiss,0,12.619573
4,4,2419200,100%,raw-l1i-cache-refill,"7,192,583",12.619573
4,4,2419200,100%,raw-l1i-tlb,"18,061,527,768",12.619573
4,4,2419200,100%,raw-l1i-tlb-refill,"157,313",12.619573
4,4,2419200,100%,raw-l2d-cache,"451,379,224",12.619573
4,4,2419200,100%,raw-l2d-cache-allocate,"12,775,002",12.618861
4,4,2419200,100%,raw-l2d-cache-inval,"97,277",12.618861
4,4,2419200,100%,raw-l2d-cache-lmiss-rd,0,12.618861
4,4,2419200,100%,raw-l2d-cache-rd,"223,546,252",12.618861
4,4,2419200,100%,raw-l2d-cache-refill,"71,361,437",12.618861
4,4,2419200,100%,raw-l2d-cache-refill-rd,"71,361,437",12.618861
4,4,2419200,100%,raw-l2d-cache-refill-wr,0,12.602404
4,4,2419200,100%,raw-l2d-cache-wb,"243,653,171",12.602404
4,4,2419200,100%,raw-l2d-cache-wb-clean,"742,021",12.602404
4,4,2419200,100%,raw-l2d-cache-wb-victim,"242,911,150",12.602404
4,4,2419200,100%,raw-l2d-cache-wr,"227,987,400",12.602404
4,4,2419200,100%,raw-l2d-tlb,"50,609,321",12.602404
4,4,2419200,100%,raw-l2d-tlb-rd,"47,871,558",12.626014
4,4,2419200,100%,raw-l2d-tlb-refill,"2,750,284",12.626014
4,4,2419200,100%,raw-l2d-tlb-refill-rd,"2,296,660",12.626014
4,4,2419200,100%,raw-l2d-tlb-refill-wr,"453,624",12.626014
4,4,2419200,100%,raw-l2d-tlb-wr,"4,719,090",12.626014
4,4,2419200,100%,raw-l2i-cache,0,12.626014
4,4,2419200,100%,raw-l2i-cache-lmiss,0,12.667019
4,4,2419200,100%,raw-l2i-cache-refill,0,12.667019
4,4,2419200,100%,raw-l2i-tlb,0,12.667019
4,4,2419200,100%,raw-l2i-tlb-refill,0,12.667019
4,4,2419200,100%,raw-l3d-cache,"482,907,732",12.667019
4,4,2419200,100%,raw-l3d-cache-allocate,"247,571,039",12.667019
4,4,2419200,100%,raw-l3d-cache-inval,0,12.645337
4,4,2419200,100%,raw-l3d-cache-lmiss-rd,0,12.645337
4,4,2419200,100%,raw-l3d-cache-rd,"233,587,717",12.645337
4,4,2419200,100%,raw-l3d-cache-refill,"82,736,742",12.645337
4,4,2419200,100%,raw-l3d-cache-refill-rd,0,12.645337
4,4,2419200,100%,raw-l3d-cache-refill-wr,0,12.645337
4,4,2419200,100%,raw-l3d-cache-wb,0,12.612580
4,4,2419200,100%,raw-l3d-cache-wb-clean,0,12.612580
4,4,2419200,100%,raw-l3d-cache-wb-victim,0,12.612580
4,4,2419200,100%,raw-l3d-cache-wr,0,12.612580
4,4,2419200,100%,raw-ld-retired,0,12.612580
4,4,2419200,100%,raw-ld-spec,"30,575,886,583",12.612580
4,4,2419200,100%,raw-ldrex-spec,"17,316",12.636694
4,4,2419200,100%,raw-ldst-spec,0,12.636694
4,4,2419200,100%,raw-ll-cache,0,12.636694
4,4,2419200,100%,raw-ll-cache-miss,0,12.636694
4,4,2419200,100%,raw-ll-cache-miss-rd,"86,767,356",12.636694
4,4,2419200,100%,raw-ll-cache-rd,"232,614,570",12.636694
4,4,2419200,100%,raw-mem-access,"34,882,752,121",12.661287
4,4,2419200,100%,raw-mem-access-rd,"29,976,313,512",12.661287
4,4,2419200,100%,raw-mem-access-wr,"4,906,438,609",12.661287
4,4,2419200,100%,raw-memory-error,0,12.661287
4,4,2419200,100%,raw-op-retired,0,12.661287
4,4,2419200,100%,raw-op-spec,0,12.661287
4,4,2419200,100%,raw-pc-write-retired,0,12.648686
4,4,2419200,100%,raw-pc-write-spec,"7,090,764,584",12.648686
4,4,2419200,100%,raw-rc-ld-spec,"208,673",12.648686
4,4,2419200,100%,raw-rc-st-spec,"183,322",12.648686
4,4,2419200,100%,raw-remote-access,0,12.648686
4,4,2419200,100%,raw-remote-access-rd,0,12.648686
4,4,2419200,100%,raw-sample-collision,0,12.636327
4,4,2419200,100%,raw-sample-feed,0,12.636327
4,4,2419200,100%,raw-sample-filtrate,0,12.636327
4,4,2419200,100%,raw-sample-pop,0,12.636327
4,4,2419200,100%,raw-st-retired,0,12.636327
4,4,2419200,100%,raw-st-spec,"4,988,772,622",12.636327
4,4,2419200,100%,raw-stall,0,12.601295
4,4,2419200,100%,raw-stall-backend,"2,694,202,954",12.601295
4,4,2419200,100%,raw-stall-backend-mem,0,12.601295
4,4,2419200,100%,raw-stall-frontend,"2,009,862,443",12.601295
4,4,2419200,100%,raw-stall-slot,0,12.601295
4,4,2419200,100%,raw-stall-slot-backend,0,12.601295
4,4,2419200,100%,raw-stall-slot-frontend,0,12.611230
4,4,2419200,100%,raw-strex-fail-spec,50,12.611230
4,4,2419200,100%,raw-strex-pass-spec,"16,989",12.611230
4,4,2419200,100%,raw-strex-spec,"17,039",12.611230
4,4,2419200,100%,raw-sve-inst-retired,"156,901",12.611230
4,4,2419200,100%,raw-sve-inst-spec,0,12.611230
4,4,2419200,100%,raw-sw-incr,0,12.626255
4,4,2419200,100%,raw-ttbr-write-retired,6,12.626255
4,4,2419200,100%,raw-unaligned-ld-spec,"38,097,973",12.626255
4,4,2419200,100%,raw-unaligned-ldst-retired,0,12.626255
4,4,2419200,100%,raw-unaligned-ldst-spec,"76,198,643",12.626255
4,4,2419200,100%,raw-unaligned-st-spec,"38,100,670",12.626255
4,4,2419200,100%,raw-vfp-spec,"33,921,037",12.593223
7,7,825600,100%,raw-ase-spec,"25,711,103",36.145358
7,7,825600,100%,raw-br-immed-retired,0,36.145358
7,7,825600,100%,raw-br-immed-spec,"6,735,179,145",36.145358
7,7,825600,100%,raw-br-indirect-spec,"1,937,633,777",36.145358
7,7,825600,100%,raw-br-mis-pred,"93,640,102",36.145358
7,7,825600,100%,raw-br-mis-pred-retired,"90,098,640",36.145358
7,7,825600,100%,raw-br-pred,"8,671,255,323",36.150276
7,7,825600,100%,raw-br-retired,"8,553,424,622",36.150276
7,7,825600,100%,raw-br-return-retired,0,36.150276
7,7,825600,100%,raw-br-return-spec,"1,066,889,655",36.150276
7,7,825600,100%,raw-bus-access,"1,710,457,620",36.150276
7,7,825600,100%,raw-bus-access-normal,0,36.150276
7,7,825600,100%,raw-bus-access-not-shared,0,36.188355
7,7,825600,100%,raw-bus-access-periph,0,36.188355
7,7,825600,100%,raw-bus-access-rd,"832,180,475",36.188355
7,7,825600,100%,raw-bus-access-shared,0,36.188355
7,7,825600,100%,raw-bus-access-wr,"870,457,117",36.188355
7,7,825600,100%,raw-bus-cycles,"29,797,800,726",36.188355
7,7,825600,100%,raw-cid-write-retired,1,36.105505
7,7,825600,100%,raw-cnt-cycles,0,36.105505
7,7,825600,100%,raw-cpu-cycles,"29,729,818,537",36.105505
7,7,825600,100%,raw-crypto-spec,0,36.105505
7,7,825600,100%,raw-dmb-spec,"620,231",36.105505
7,7,825600,100%,raw-dp-spec,"42,018,393,913",36.175501
7,7,825600,100%,raw-dsb-spec,"91,814",36.175501
7,7,825600,100%,raw-dtlb-walk,"2,798,760",36.175501
7,7,825600,100%,raw-exc-dabort,"9,378",36.175501
7,7,825600,100%,raw-exc-fiq,0,36.175501
7,7,825600,100%,raw-exc-hvc,0,36.175501
7,7,825600,100%,raw-exc-irq,"14,464",36.120714
7,7,825600,100%,raw-exc-pabort,60,36.120714
7,7,825600,100%,raw-exc-return,"25,168",36.120714
7,7,825600,100%,raw-exc-smc,0,36.120714
7,7,825600,100%,raw-exc-svc,"1,264",36.120714
7,7,825600,100%,raw-exc-taken,"25,171",36.120714
7,7,825600,100%,raw-exc-trap-dabort,0,36.174717
7,7,825600,100%,raw-exc-trap-fiq,0,36.174717
7,7,825600,100%,raw-exc-trap-irq,0,36.174717
7,7,825600,100%,raw-exc-trap-other,2,36.174717
7,7,825600,100%,raw-exc-trap-pabort,0,36.174717
7,7,825600,100%,raw-exc-undef,35,36.174717
7,7,825600,100%,raw-inst-retired,"83,210,285,237",36.119762
7,7,825600,100%,raw-inst-spec,"86,883,586,725",36.119762
7,7,825600,100%,raw-isb-spec,"244,343",36.119762
7,7,825600,100%,raw-itlb-walk,"120,395",36.119762
7,7,825600,100%,raw-l1d-cache,"34,932,708,749",36.119762
7,7,825600,100%,raw-l1d-cache-allocate,0,36.119762
7,7,825600,100%,raw-l1d-cache-inval,"427,210",36.188863
7,7,825600,100%,raw-l1d-cache-lmiss-rd,0,36.188863
7,7,825600,100%,raw-l1d-cache-rd,"30,018,379,341",36.188863
7,7,825600,100%,raw-l1d-cache-refill,"131,246,275",36.188863
7,7,825600,100%,raw-l1d-cache-refill-inner,"119,575,442",36.188863
7,7,825600,100%,raw-l1d-cache-refill-outer,"11,670,833",36.188863
7,7,825600,100%,raw-l1d-cache-refill-rd,"82,299,619",36.123345
7,7,825600,100%,raw-l1d-cache-refill-wr,"48,777,694",36.123345
7,7,825600,100%,raw-l1d-cache-wb,"52,428,624",36.123345
7,7,825600,100%,raw-l1d-cache-wb-clean,"183,054",36.123345
7,7,825600,100%,raw-l1d-cache-wb-victim,"52,245,570",36.123345
7,7,825600,100%,raw-l1d-cache-wr,"4,919,660,053",36.123345
7,7,825600,100%,raw-l1d-tlb,"35,319,757,227",36.133314
7,7,825600,100%,raw-l1d-tlb-rd,"30,343,271,740",36.133314
7,7,825600,100%,raw-l1d-tlb-refill,"52,585,212",36.133314
7,7,825600,100%,raw-l1d-tlb-refill-rd,"48,243,205",36.133314
7,7,825600,100%,raw-l1d-tlb-refill-wr,"4,342,007",36.133314
7,7,825600,100%,raw-l1d-tlb-wr,"4,976,485,487",36.133314
7,7,825600,100%,raw-l1i-cache,"23,815,450,322",36.121945
7,7,825600,100%,raw-l1i-cache-lmiss,0,36.121945
7,7,825600,100%,raw-l1i-cache-refill,"12,338,503",36.121945
7,7,825600,100%,raw-l1i-tlb,"18,072,894,938",36.121945
7,7,825600,100%,raw-l1i-tlb-refill,"217,549",36.121945
7,7,825600,100%,raw-l2d-cache,"465,016,419",36.121945
7,7,825600,100%,raw-l2d-cache-allocate,"12,631,592",36.103143
7,7,825600,100%,raw-l2d-cache-inval,"981,324",36.103143
7,7,825600,100%,raw-l2d-cache-lmiss-rd,0,36.103143
7,7,825600,100%,raw-l2d-cache-rd,"230,251,359",36.103143
7,7,825600,100%,raw-l2d-cache-refill,"63,451,072",36.103143
7,7,825600,100%,raw-l2d-cache-refill-rd,"63,451,072",36.103143
7,7,825600,100%,raw-l2d-cache-refill-wr,0,36.199300
7,7,825600,100%,raw-l2d-cache-wb,"218,213,047",36.199300
7,7,825600,100%,raw-l2d-cache-wb-clean,"2,758,977",36.199300
7,7,825600,100%,raw-l2d-cache-wb-victim,"215,454,070",36.199300
7,7,825600,100%,raw-l2d-cache-wr,"231,451,496",36.199300
7,7,825600,100%,raw-l2d-tlb,"50,949,982",36.199300
7,7,825600,100%,raw-l2d-tlb-rd,"48,778,761",36.141875
7,7,825600,100%,raw-l2d-tlb-refill,"2,972,877",36.141875
7,7,825600,100%,raw-l2d-tlb-refill-rd,"2,479,890",36.141875
7,7,825600,100%,raw-l2d-tlb-refill-wr,"492,987",36.141875
7,7,825600,100%,raw-l2d-tlb-wr,"4,377,818",36.141875
7,7,825600,100%,raw-l2i-cache,0,36.141875
7,7,825600,100%,raw-l2i-cache-lmiss,0,36.168706
7,7,825600,100%,raw-l2i-cache-refill,0,36.168706
7,7,825600,100%,raw-l2i-tlb,0,36.168706
7,7,825600,100%,raw-l2i-tlb-refill,0,36.168706
7,7,825600,100%,raw-l3d-cache,"427,112,870",36.168706
7,7,825600,100%,raw-l3d-cache-allocate,"218,169,672",36.168706
7,7,825600,100%,raw-l3d-cache-inval,0,36.190099
7,7,825600,100%,raw-l3d-cache-lmiss-rd,0,36.190099
7,7,825600,100%,raw-l3d-cache-rd,"209,733,914",36.190099
7,7,825600,100%,raw-l3d-cache-refill,"72,101,609",36.190099
7,7,825600,100%,raw-l3d-cache-refill-rd,0,36.190099
7,7,825600,100%,raw-l3d-cache-refill-wr,0,36.190099
7,7,825600,100%,raw-l3d-cache-wb,0,36.178905
7,7,825600,100%,raw-l3d-cache-wb-clean,0,36.178905
7,7,825600,100%,raw-l3d-cache-wb-victim,0,36.178905
7,7,825600,100%,raw-l3d-cache-wr,0,36.178905
7,7,825600,100%,raw-ld-retired,0,36.178905
7,7,825600,100%,raw-ld-spec,"30,601,117,001",36.178905
7,7,825600,100%,raw-ldrex-spec,"17,350",36.117747
7,7,825600,100%,raw-ldst-spec,0,36.117747
7,7,825600,100%,raw-ll-cache,0,36.117747
7,7,825600,100%,raw-ll-cache-miss,0,36.117747
7,7,825600,100%,raw-ll-cache-miss-rd,"74,234,256",36.117747
7,7,825600,100%,raw-ll-cache-rd,"207,660,674",36.117747
7,7,825600,100%,raw-mem-access,"34,937,749,019",36.186110
7,7,825600,100%,raw-mem-access-rd,"30,016,970,637",36.186110
7,7,825600,100%,raw-mem-access-wr,"4,920,778,382",36.186110
7,7,825600,100%,raw-memory-error,0,36.186110
7,7,825600,100%,raw-op-retired,0,36.186110
7,7,825600,100%,raw-op-spec,0,36.186110
7,7,825600,100%,raw-pc-write-retired,0,36.200682
7,7,825600,100%,raw-pc-write-spec,"7,095,870,425",36.200682
7,7,825600,100%,raw-rc-ld-spec,"385,549",36.200682
7,7,825600,100%,raw-rc-st-spec,"346,468",36.200682
7,7,825600,100%,raw-remote-access,0,36.200682
7,7,825600,100%,raw-remote-access-rd,0,36.200682
7,7,825600,100%,raw-sample-collision,0,36.102842
7,7,825600,100%,raw-sample-feed,0,36.102842
7,7,825600,100%,raw-sample-filtrate,0,36.102842
7,7,825600,100%,raw-sample-pop,0,36.102842
7,7,825600,100%,raw-st-retired,0,36.102842
7,7,825600,100%,raw-st-spec,"4,996,703,971",36.102842
7,7,825600,100%,raw-stall,0,36.121374
7,7,825600,100%,raw-stall-backend,"2,019,053,378",36.121374
7,7,825600,100%,raw-stall-backend-mem,0,36.121374
7,7,825600,100%,raw-stall-frontend,"1,921,073,899",36.121374
7,7,825600,100%,raw-stall-slot,0,36.121374
7,7,825600,100%,raw-stall-slot-backend,0,36.121374
7,7,825600,100%,raw-stall-slot-frontend,0,36.188278
7,7,825600,100%,raw-strex-fail-spec,51,36.188278
7,7,825600,100%,raw-strex-pass-spec,"16,991",36.188278
7,7,825600,100%,raw-strex-spec,"17,042",36.188278
7,7,825600,100%,raw-sve-inst-retired,"216,294",36.188278
7,7,825600,100%,raw-sve-inst-spec,0,36.188278
7,7,825600,100%,raw-sw-incr,0,36.097496
7,7,825600,100%,raw-ttbr-write-retired,6,36.097496
7,7,825600,100%,raw-unaligned-ld-spec,"38,101,852",36.097496
7,7,825600,100%,raw-unaligned-ldst-retired,0,36.097496
7,7,825600,100%,raw-unaligned-ldst-spec,"76,228,249",36.097496
7,7,825600,100%,raw-unaligned-st-spec,"38,126,397",36.097496
7,7,825600,100%,raw-vfp-spec,"33,863,379",36.167593
7,7,1804800,100%,raw-ase-spec,"25,717,509",16.697138
7,7,1804800,100%,raw-br-immed-retired,0,16.697138
7,7,1804800,100%,raw-br-immed-spec,"6,724,026,206",16.697138
7,7,1804800,100%,raw-br-indirect-spec,"1,936,329,914",16.697138
7,7,1804800,100%,raw-br-mis-pred,"93,118,021",16.697138
7,7,1804800,100%,raw-br-mis-pred-retired,"89,462,781",16.697138
7,7,1804800,100%,raw-br-pred,"8,660,238,878",16.651895
7,7,1804800,100%,raw-br-retired,"8,542,169,502",16.651895
7,7,1804800,100%,raw-br-return-retired,0,16.651895
7,7,1804800,100%,raw-br-return-spec,"1,065,816,821",16.651895
7,7,1804800,100%,raw-bus-access,"1,672,417,701",16.651895
7,7,1804800,100%,raw-bus-access-normal,0,16.651895
7,7,1804800,100%,raw-bus-access-not-shared,0,16.725650
7,7,1804800,100%,raw-bus-access-periph,0,16.725650
7,7,1804800,100%,raw-bus-access-rd,"811,522,863",16.725650
7,7,1804800,100%,raw-bus-access-shared,0,16.725650
7,7,1804800,100%,raw-bus-access-wr,"855,262,747",16.725650
7,7,1804800,100%,raw-bus-cycles,"30,136,554,427",16.725650
7,7,1804800,100%,raw-cid-write-retired,1,16.682149
7,7,1804800,100%,raw-cnt-cycles,0,16.682149
7,7,1804800,100%,raw-cpu-cycles,"30,058,935,519",16.682149
7,7,1804800,100%,raw-crypto-spec,0,16.682149
7,7,1804800,100%,raw-dmb-spec,"307,485",16.682149
7,7,1804800,100%,raw-dp-spec,"41,979,285,781",16.653193
7,7,1804800,100%,raw-dsb-spec,"46,139",16.653193
7,7,1804800,100%,raw-dtlb-walk,"2,572,253",16.653193
7,7,1804800,100%,raw-exc-dabort,"9,375",16.653193
7,7,1804800,100%,raw-exc-fiq,0,16.653193
7,7,1804800,100%,raw-exc-hvc,0,16.653193
7,7,1804800,100%,raw-exc-irq,"6,688",16.685699
7,7,1804800,100%,raw-exc-pabort,58,16.685699
7,7,1804800,100%,raw-exc-return,"17,389",16.685699
7,7,1804800,100%,raw-exc-smc,0,16.685699
7,7,1804800,100%,raw-exc-svc,"1,261",16.685699
7,7,1804800,100%,raw-exc-taken,"17,390",16.685699
7,7,1804800,100%,raw-exc-trap-dabort,0,16.688445
7,7,1804800,100%,raw-exc-trap-fiq,0,16.688445
7,7,1804800,100%,raw-exc-trap-irq,0,16.688445
7,7,1804800,100%,raw-exc-trap-other,2,16.688445
7,7,1804800,100%,raw-exc-trap-pabort,0,16.688445
7,7,1804800,100%,raw-exc-undef,33,16.688445
7,7,1804800,100%,raw-inst-retired,"83,144,309,758",16.664015
7,7,1804800,100%,raw-inst-spec,"86,805,848,202",16.664015
7,7,1804800,100%,raw-isb-spec,"113,019",16.664015
7,7,1804800,100%,raw-itlb-walk,"115,178",16.664015
7,7,1804800,100%,raw-l1d-cache,"34,909,229,270",16.664015
7,7,1804800,100%,raw-l1d-cache-allocate,0,16.664015
7,7,1804800,100%,raw-l1d-cache-inval,"154,816",16.673520
7,7,1804800,100%,raw-l1d-cache-lmiss-rd,0,16.673520
7,7,1804800,100%,raw-l1d-cache-rd,"30,000,698,861",16.673520
7,7,1804800,100%,raw-l1d-cache-refill,"129,771,463",16.673520
7,7,1804800,100%,raw-l1d-cache-refill-inner,"119,016,403",16.673520
7,7,1804800,100%,raw-l1d-cache-refill-outer,"10,755,060",16.673520
7,7,1804800,100%,raw-l1d-cache-refill-rd,"79,551,749",16.685351
7,7,1804800,100%,raw-l1d-cache-refill-wr,"48,958,477",16.685351
7,7,1804800,100%,raw-l1d-cache-wb,"52,058,901",16.685351
7,7,1804800,100%,raw-l1d-cache-wb-clean,"69,910",16.685351
7,7,1804800,100%,raw-l1d-cache-wb-victim,"51,988,991",16.685351
7,7,1804800,100%,raw-l1d-cache-wr,"4,912,646,655",16.685351
7,7,1804800,100%,raw-l1d-tlb,"35,311,917,811",16.648895
7,7,1804800,100%,raw-l1d-tlb-rd,"30,343,558,419",16.648895
7,7,1804800,100%,raw-l1d-tlb-refill,"50,716,599",16.648895
7,7,1804800,100%,raw-l1d-tlb-refill-rd,"46,075,153",16.648895
7,7,1804800,100%,raw-l1d-tlb-refill-wr,"4,641,446",16.648895
7,7,1804800,100%,raw-l1d-tlb-wr,"4,968,359,392",16.648895
7,7,1804800,100%,raw-l1i-cache,"23,803,195,351",16.654409
7,7,1804800,100%,raw-l1i-cache-lmiss,0,16.654409
7,7,1804800,100%,raw-l1i-cache-refill,"8,143,769",16.654409
7,7,1804800,100%,raw-l1i-tlb,"18,068,202,327",16.654409
7,7,1804800,100%,raw-l1i-tlb-refill,"168,720",16.654409
7,7,1804800,100%,raw-l2d-cache,"452,026,014",16.654409
7,7,1804800,100%,raw-l2d-cache-allocate,"12,454,322",16.661397
7,7,1804800,100%,raw-l2d-cache-inval,"401,957",16.661397
7,7,1804800,100%,raw-l2d-cache-lmiss-rd,0,16.661397
7,7,1804800,100%,raw-l2d-cache-rd,"224,923,006",16.661397
7,7,1804800,100%,raw-l2d-cache-refill,"59,857,174",16.661397
7,7,1804800,100%,raw-l2d-cache-refill-rd,"59,857,174",16.661397
7,7,1804800,100%,raw-l2d-cache-refill-wr,0,16.656920
7,7,1804800,100%,raw-l2d-cache-wb,"211,875,361",16.656920
7,7,1804800,100%,raw-l2d-cache-wb-clean,"1,182,700",16.656920
7,7,1804800,100%,raw-l2d-cache-wb-victim,"210,692,661",16.656920
7,7,1804800,100%,raw-l2d-cache-wr,"227,950,260",16.656920
7,7,1804800,100%,raw-l2d-tlb,"48,439,380",16.656920
7,7,1804800,100%,raw-l2d-tlb-rd,"46,256,283",16.697350
7,7,1804800,100%,raw-l2d-tlb-refill,"2,812,401",16.697350
7,7,1804800,100%,raw-l2d-tlb-refill-rd,"2,331,537",16.697350
7,7,1804800,100%,raw-l2d-tlb-refill-wr,"480,864",16.697350
7,7,1804800,100%,raw-l2d-tlb-wr,"4,281,804",16.697350
7,7,1804800,100%,raw-l2i-cache,0,16.697350
7,7,1804800,100%,raw-l2i-cache-lmiss,0,16.673261
7,7,1804800,100%,raw-l2i-cache-refill,0,16.673261
7,7,1804800,100%,raw-l2i-tlb,0,16.673261
7,7,1804800,100%,raw-l2i-tlb-refill,0,16.673261
7,7,1804800,100%,raw-l3d-cache,"416,078,255",16.673261
7,7,1804800,100%,raw-l3d-cache-allocate,"213,522,119",16.673261
7,7,1804800,100%,raw-l3d-cache-inval,0,16.660190
7,7,1804800,100%,raw-l3d-cache-lmiss-rd,0,16.660190
7,7,1804800,100%,raw-l3d-cache-rd,"203,903,229",16.660190
7,7,1804800,100%,raw-l3d-cache-refill,"70,560,956",16.660190
7,7,1804800,100%,raw-l3d-cache-refill-rd,0,16.660190
7,7,1804800,100%,raw-l3d-cache-refill-wr,0,16.660190
7,7,1804800,100%,raw-l3d-cache-wb,0,16.647843
7,7,1804800,100%,raw-l3d-cache-wb-clean,0,16.647843
7,7,1804800,100%,raw-l3d-cache-wb-victim,0,16.647843
7,7,1804800,100%,raw-l3d-cache-wr,0,16.647843
7,7,1804800,100%,raw-ld-retired,0,16.647843
7,7,1804800,100%,raw-ld-spec,"30,578,426,351",16.647843
7,7,1804800,100%,raw-ldrex-spec,"17,296",16.669123
7,7,1804800,100%,raw-ldst-spec,0,16.669123
7,7,1804800,100%,raw-ll-cache,0,16.669123
7,7,1804800,100%,raw-ll-cache-miss,0,16.669123
7,7,1804800,100%,raw-ll-cache-miss-rd,"66,044,981",16.669123
7,7,1804800,100%,raw-ll-cache-rd,"201,438,663",16.669123
7,7,1804800,100%,raw-mem-access,"34,913,985,155",16.675299
7,7,1804800,100%,raw-mem-access-rd,"30,001,049,874",16.675299
7,7,1804800,100%,raw-mem-access-wr,"4,912,935,281",16.675299
7,7,1804800,100%,raw-memory-error,0,16.675299
7,7,1804800,100%,raw-op-retired,0,16.675299
7,7,1804800,100%,raw-op-spec,0,16.675299
7,7,1804800,100%,raw-pc-write-retired,0,16.652157
7,7,1804800,100%,raw-pc-write-spec,"7,089,629,208",16.652157
7,7,1804800,100%,raw-rc-ld-spec,"236,555",16.652157
7,7,1804800,100%,raw-rc-st-spec,"210,019",16.652157
7,7,1804800,100%,raw-remote-access,0,16.652157
7,7,1804800,100%,raw-remote-access-rd,0,16.652157
7,7,1804800,100%,raw-sample-collision,0,16.647834
7,7,1804800,100%,raw-sample-feed,0,16.647834
7,7,1804800,100%,raw-sample-filtrate,0,16.647834
7,7,1804800,100%,raw-sample-pop,0,16.647834
7,7,1804800,100%,raw-st-retired,0,16.647834
7,7,1804800,100%,raw-st-spec,"4,989,186,499",16.647834
7,7,1804800,100%,raw-stall,0,16.642568
7,7,1804800,100%,raw-stall-backend,"2,276,442,059",16.642568
7,7,1804800,100%,raw-stall-backend-mem,0,16.642568
7,7,1804800,100%,raw-stall-frontend,"1,924,942,230",16.642568
7,7,1804800,100%,raw-stall-slot,0,16.642568
7,7,1804800,100%,raw-stall-slot-backend,0,16.642568
7,7,1804800,100%,raw-stall-slot-frontend,0,16.661288
7,7,1804800,100%,raw-strex-fail-spec,51,16.661288
7,7,1804800,100%,raw-strex-pass-spec,"16,988",16.661288
7,7,1804800,100%,raw-strex-spec,"17,039",16.661288
7,7,1804800,100%,raw-sve-inst-retired,"173,836",16.661288
7,7,1804800,100%,raw-sve-inst-spec,0,16.661288
7,7,1804800,100%,raw-sw-incr,0,16.682308
7,7,1804800,100%,raw-ttbr-write-retired,6,16.682308
7,7,1804800,100%,raw-unaligned-ld-spec,"38,099,116",16.682308
7,7,1804800,100%,raw-unaligned-ldst-retired,0,16.682308
7,7,1804800,100%,raw-unaligned-ldst-spec,"76,198,644",16.682308
7,7,1804800,100%,raw-unaligned-st-spec,"38,099,528",16.682308
7,7,1804800,100%,raw-vfp-spec,"33,895,278",16.675289
7,7,2841600,100%,raw-ase-spec,"25,718,443",10.681147
7,7,2841600,100%,raw-br-immed-retired,0,10.681147
7,7,2841600,100%,raw-br-immed-spec,"6,720,128,783",10.681147
7,7,2841600,100%,raw-br-indirect-spec,"1,935,417,512",10.681147
7,7,2841600,100%,raw-br-mis-pred,"93,058,820",10.681147
7,7,2841600,100%,raw-br-mis-pred-retired,"89,594,925",10.681147
7,7,2841600,100%,raw-br-pred,"8,654,065,787",10.674079
7,7,2841600,100%,raw-br-retired,"8,536,536,693",10.674079
7,7,2841600,100%,raw-br-return-retired,0,10.674079
7,7,2841600,100%,raw-br-return-spec,"1,065,421,914",10.674079
7,7,2841600,100%,raw-bus-access,"1,624,023,226",10.674079
7,7,2841600,100%,raw-bus-access-normal,0,10.674079
7,7,2841600,100%,raw-bus-access-not-shared,0,10.686928
7,7,2841600,100%,raw-bus-access-periph,0,10.686928
7,7,2841600,100%,raw-bus-access-rd,"783,463,769",10.686928
7,7,2841600,100%,raw-bus-access-shared,0,10.686928
7,7,2841600,100%,raw-bus-access-wr,"834,834,558",10.686928
7,7,2841600,100%,raw-bus-cycles,"30,332,073,160",10.686928
7,7,2841600,100%,raw-cid-write-retired,1,10.662645
7,7,2841600,100%,raw-cnt-cycles,0,10.662645
7,7,2841600,100%,raw-cpu-cycles,"30,263,873,963",10.662645
7,7,2841600,100%,raw-crypto-spec,0,10.662645
7,7,2841600,100%,raw-dmb-spec,"185,680",10.662645
7,7,2841600,100%,raw-dp-spec,"41,963,632,421",10.686656
7,7,2841600,100%,raw-dsb-spec,"23,077",10.686656
7,7,2841600,100%,raw-dtlb-walk,"2,414,715",10.686656
7,7,2841600,100%,raw-exc-dabort,"9,383",10.686656
7,7,2841600,100%,raw-exc-fiq,0,10.686656
7,7,2841600,100%,raw-exc-hvc,0,10.686656
7,7,2841600,100%,raw-exc-irq,"4,282",10.665834
7,7,2841600,100%,raw-exc-pabort,60,10.665834
7,7,2841600,100%,raw-exc-return,"14,977",10.665834
7,7,2841600,100%,raw-exc-smc,0,10.665834
7,7,2841600,100%,raw-exc-svc,"1,261",10.665834
7,7,2841600,100%,raw-exc-taken,"14,979",10.665834
7,7,2841600,100%,raw-exc-trap-dabort,0,10.696921
7,7,2841600,100%,raw-exc-trap-fiq,1,10.696921
7,7,2841600,100%,raw-exc-trap-irq,0,10.696921
7,7,2841600,100%,raw-exc-trap-other,2,10.696921
7,7,2841600,100%,raw-exc-trap-pabort,0,10.696921
7,7,2841600,100%,raw-exc-undef,11,10.696921
7,7,2841600,100%,raw-inst-retired,"83,112,550,992",10.683382
7,7,2841600,100%,raw-inst-spec,"86,766,556,731",10.683382
7,7,2841600,100%,raw-isb-spec,"63,844",10.683382
7,7,2841600,100%,raw-itlb-walk,"96,443",10.683382
7,7,2841600,100%,raw-l1d-cache,"34,902,526,726",10.683382
7,7,2841600,100%,raw-l1d-cache-allocate,0,10.683382
7,7,2841600,100%,raw-l1d-cache-inval,"53,475",10.686025
7,7,2841600,100%,raw-l1d-cache-lmiss-rd,0,10.686025
7,7,2841600,100%,raw-l1d-cache-rd,"29,990,898,616",10.686025
7,7,2841600,100%,raw-l1d-cache-refill,"128,556,799",10.686025
7,7,2841600,100%,raw-l1d-cache-refill-inner,"117,906,127",10.686025
7,7,2841600,100%,raw-l1d-cache-refill-outer,"10,650,672",10.686025
7,7,2841600,100%,raw-l1d-cache-refill-rd,"78,486,028",10.719760
7,7,2841600,100%,raw-l1d-cache-refill-wr,"48,981,680",10.719760
7,7,2841600,100%,raw-l1d-cache-wb,"51,875,091",10.719760
7,7,2841600,100%,raw-l1d-cache-wb-clean,"39,826",10.719760
7,7,2841600,100%,raw-l1d-cache-wb-victim,"51,835,265",10.719760
7,7,2841600,100%,raw-l1d-cache-wr,"4,908,945,324",10.719760
7,7,2841600,100%,raw-l1d-tlb,"35,326,452,062",10.679340
7,7,2841600,100%,raw-l1d-tlb-rd,"30,360,900,869",10.679340
7,7,2841600,100%,raw-l1d-tlb-refill,"49,717,584",10.679340
7,7,2841600,100%,raw-l1d-tlb-refill-rd,"45,478,266",10.679340
7,7,2841600,100%,raw-l1d-tlb-refill-wr,"4,239,318",10.679340
7,7,2841600,100%,raw-l1d-tlb-wr,"4,965,551,193",10.679340
7,7,2841600,100%,raw-l1i-cache,"23,779,478,894",10.689630
7,7,2841600,100%,raw-l1i-cache-lmiss,0,10.689630
7,7,2841600,100%,raw-l1i-cache-refill,"5,875,631",10.689630
7,7,2841600,100%,raw-l1i-tlb,"18,057,736,146",10.689630
7,7,2841600,100%,raw-l1i-tlb-refill,"140,036",10.689630
7,7,2841600,100%,raw-l2d-cache,"451,570,026",10.689630
7,7,2841600,100%,raw-l2d-cache-allocate,"12,648,794",10.690562
7,7,2841600,100%,raw-l2d-cache-inval,"61,912",10.690562
7,7,2841600,100%,raw-l2d-cache-lmiss-rd,0,10.690562
7,7,2841600,100%,raw-l2d-cache-rd,"221,186,091",10.690562
7,7,2841600,100%,raw-l2d-cache-refill,"56,555,732",10.690562
7,7,2841600,100%,raw-l2d-cache-refill-rd,"56,555,732",10.690562
7,7,2841600,100%,raw-l2d-cache-refill-wr,0,10.660901
7,7,2841600,100%,raw-l2d-cache-wb,"209,220,923",10.660901
7,7,2841600,100%,raw-l2d-cache-wb-clean,"414,167",10.660901
7,7,2841600,100%,raw-l2d-cache-wb-victim,"208,806,756",10.660901
7,7,2841600,100%,raw-l2d-cache-wr,"227,671,717",10.660901
7,7,2841600,100%,raw-l2d-tlb,"48,502,531",10.660901
7,7,2841600,100%,raw-l2d-tlb-rd,"45,076,943",10.685819
7,7,2841600,100%,raw-l2d-tlb-refill,"2,589,151",10.685819
7,7,2841600,100%,raw-l2d-tlb-refill-rd,"2,147,597",10.685819
7,7,2841600,100%,raw-l2d-tlb-refill-wr,"441,554",10.685819
7,7,2841600,100%,raw-l2d-tlb-wr,"4,242,219",10.685819
7,7,2841600,100%,raw-l2i-cache,0,10.685819
7,7,2841600,100%,raw-l2i-cache-lmiss,0,10.688682
7,7,2841600,100%,raw-l2i-cache-refill,0,10.688682
7,7,2841600,100%,raw-l2i-tlb,0,10.688682
7,7,2841600,100%,raw-l2i-tlb-refill,0,10.688682
7,7,2841600,100%,raw-l3d-cache,"411,124,906",10.688682
7,7,2841600,100%,raw-l3d-cache-allocate,"211,950,978",10.688682
7,7,2841600,100%,raw-l3d-cache-inval,0,10.697840
7,7,2841600,100%,raw-l3d-cache-lmiss-rd,0,10.697840
7,7,2841600,100%,raw-l3d-cache-rd,"197,472,580",10.697840
7,7,2841600,100%,raw-l3d-cache-refill,"63,500,849",10.697840
7,7,2841600,100%,raw-l3d-cache-refill-rd,0,10.697840
7,7,2841600,100%,raw-l3d-cache-refill-wr,0,10.697840
7,7,2841600,100%,raw-l3d-cache-wb,0,10.682305
7,7,2841600,100%,raw-l3d-cache-wb-clean,0,10.682305
7,7,2841600,100%,raw-l3d-cache-wb-victim,0,10.682305
7,7,2841600,100%,raw-l3d-cache-wr,0,10.682305
7,7,2841600,100%,raw-ld-retired,0,10.682305
7,7,2841600,100%,raw-ld-spec,"30,568,834,928",10.682305
7,7,2841600,100%,raw-ldrex-spec,"17,304",10.683021
7,7,2841600,100%,raw-ldst-spec,0,10.683021
7,7,2841600,100%,raw-ll-cache,0,10.683021
7,7,2841600,100%,raw-ll-cache-miss,0,10.683021
7,7,2841600,100%,raw-ll-cache-miss-rd,"61,379,844",10.683021
7,7,2841600,100%,raw-ll-cache-rd,"197,258,392",10.683021
7,7,2841600,100%,raw-mem-access,"34,902,592,130",10.700544
7,7,2841600,100%,raw-mem-access-rd,"29,993,795,951",10.700544
7,7,2841600,100%,raw-mem-access-wr,"4,908,796,179",10.700544
7,7,2841600,100%,raw-memory-error,0,10.700544
7,7,2841600,100%,raw-op-retired,0,10.700544
7,7,2841600,100%,raw-op-spec,0,10.700544
7,7,2841600,100%,raw-pc-write-retired,0,10.681913
7,7,2841600,100%,raw-pc-write-spec,"7,088,693,275",10.681913
7,7,2841600,100%,raw-rc-ld-spec,"180,106",10.681913
7,7,2841600,100%,raw-rc-st-spec,"156,846",10.681913
7,7,2841600,100%,raw-remote-access,0,10.681913
7,7,2841600,100%,raw-remote-access-rd,0,10.681913
7,7,2841600,100%,raw-sample-collision,0,10.690650
7,7,2841600,100%,raw-sample-feed,0,10.690650
7,7,2841600,100%,raw-sample-filtrate,0,10.690650
7,7,2841600,100%,raw-sample-pop,0,10.690650
7,7,2841600,100%,raw-st-retired,0,10.690650
7,7,2841600,100%,raw-st-spec,"4,985,426,234",10.690650
7,7,2841600,100%,raw-stall,0,10.663639
7,7,2841600,100%,raw-stall-backend,"2,535,581,129",10.663639
7,7,2841600,100%,raw-stall-backend-mem,0,10.663639
7,7,2841600,100%,raw-stall-frontend,"1,979,425,982",10.663639
7,7,2841600,100%,raw-stall-slot,0,10.663639
7,7,2841600,100%,raw-stall-slot-backend,0,10.663639
7,7,2841600,100%,raw-stall-slot-frontend,0,10.677287
7,7,2841600,100%,raw-strex-fail-spec,52,10.677287
7,7,2841600,100%,raw-strex-pass-spec,"16,989",10.677287
7,7,2841600,100%,raw-strex-spec,"17,041",10.677287
7,7,2841600,100%,raw-sve-inst-retired,"140,271",10.677287
7,7,2841600,100%,raw-sve-inst-spec,0,10.677287
7,7,2841600,100%,raw-sw-incr,0,10.694408
7,7,2841600,100%,raw-ttbr-write-retired,6,10.694408
7,7,2841600,100%,raw-unaligned-ld-spec,"38,097,624",10.694408
7,7,2841600,100%,raw-unaligned-ldst-retired,0,10.694408
7,7,2841600,100%,raw-unaligned-ldst-spec,"76,193,487",10.694408
7,7,2841600,100%,raw-unaligned-st-spec,"38,095,863",10.694408
7,7,2841600,100%,raw-vfp-spec,"33,869,493",10.660465
